Worksheet Filter,Measure Display,Number of Records,Avg Sale To List,Avg Sale To List Mom,Avg Sale To List Yoy,City,Homes Sold,Homes Sold Mom,Homes Sold Yoy,Inventory,Inventory Mom,Inventory Yoy,Median Dom,Median Dom Mom,Median Dom Yoy,Median List Ppsf,Median List Ppsf Mom,Median List Ppsf Yoy,Median List Price,Median List Price Mom,Median List Price Yoy,Median Ppsf,Median Ppsf Mom,Median Ppsf Yoy,Median Sale Price,Median Sale Price Mom,Median Sale Price Yoy,months_of_supply,months_of_supply_mom,months_of_supply_yoy,New Listings,New Listings Mom,New Listings Yoy,Period Begin,Period Duration,Period End,Price Drops,Price Drops Mom,Price Drops Yoy,Property Type,Region,Region Type,Sold Above List,Sold Above List Mom,Sold Above List Yoy,State,State Code,Table Id
Value,,1,1.061947461,-13.8%,0.1%,Alameda,3,200.0%,-25.0%,9,80.0%,125.0%,13,2,-7,400.758527350,-0.199805494,0.082405020,869499.5,-0.140810771,0.167975687,573.394495413,0.467142002,0.437339569,"$1,225K",-11.2%,33.5%,3,-2,2,6,50.0%,200.0%,6/1/2016,30,6/30/2016,0.111111111,,-0.138888889,Multi-Family (2-4 Unit),"Alameda, CA",place,0.666666667,-0.333333333,-0.083333333,California,CA,117
Value,,1,0.995175523,1.5%,3.1%,Alameda,6,100.0%,500.0%,11,0.0%,-31.3%,20,-21,10,192.914746544,-0.262813700,-0.306976739,448353,-0.218139871,-0.168176252,215.871318762,-0.225421450,-0.000654427,$624K,10.4%,14.5%,1.8,-1.9,-14.2,7,133.3%,-22.2%,8/1/2012,30,8/31/2012,0.636363636,0.454545455,0.511363636,Multi-Family (2-4 Unit),"Alameda, CA",place,0.5,0.5,0.5,California,CA,117
Value,,1,1.052623542,4.5%,5.7%,Alameda,5,25.0%,-16.7%,12,33.3%,9.1%,16,-18,-4,339.364035088,0.090764000,0.759139937,619000,-0.082962963,0.380608583,301.697045883,0.199555196,0.397578185,$613K,-22.0%,-1.8%,2.4,0.1,0.6,7,-22.2%,0.0%,8/1/2013,30,8/31/2013,0.166666667,,-0.469696970,Multi-Family (2-4 Unit),"Alameda, CA",place,0.8,0.55,0.3,California,CA,117
Value,,1,1.064515205,-2.5%,8.6%,Berkeley,4,-60.0%,-33.3%,10,-9.1%,-28.6%,20,1,-5,352.080418363,-0.124866444,0.043545930,974500,0.147820966,0.163582090,325.202969729,-0.030531093,-0.166962554,$828K,-1.5%,4.4%,2.5,1.4,0.2,6,-14.3%,50.0%,8/1/2015,30,8/31/2015,,,,Multi-Family (2-4 Unit),"Berkeley, CA",place,0.75,0.05,0.416666667,California,CA,1590
Value,,1,1.111407153,8.1%,,Alameda,4,100.0%,,7,-22.2%,,19,-63,,403.092607224,0.140414967,,820000,-0.316666667,,446.322607496,0.302702702,,"$1,213K",12.3%,,1.8,-2.7,,2,-60.0%,,12/1/2016,30,12/31/2016,,,,Multi-Family (2-4 Unit),"Alameda, CA",place,0.75,0.25,,California,CA,117
Value,,1,1.047130372,-3.7%,0.1%,Berkeley,5,-50.0%,-16.7%,24,9.1%,20.0%,16,1,-11,295.398009950,-0.058010570,-0.048637459,795000,0.160583942,0.487440947,338.164251208,-0.047626971,0.224380823,$726K,-15.6%,15.7%,4.8,2.6,1.5,14,0.0%,75.0%,9/1/2013,30,9/30/2013,0.166666667,0.121212121,0.066666667,Multi-Family (2-4 Unit),"Berkeley, CA",place,0.8,0.1,0.133333333,California,CA,1590
Value,,1,0.990741658,,2.9%,Fremont,1,,0.0%,2,,-50.0%,40,,-142,247.921615202,,-0.339980054,835000,,-0.277993947,279.884907141,,0.243278219,"$1,070K",,40.8%,2,,-2,1,,-50.0%,4/1/2014,30,4/30/2014,,,,Multi-Family (2-4 Unit),"Fremont, CA",place,0,,0,California,CA,6671
Value,,1,1.039785067,9.0%,16.1%,Berkeley,5,66.7%,25.0%,10,-16.7%,-33.3%,21,-74,-21,352.362204724,0.048148187,0.094431054,799000,-0.024420024,0.142244460,395.752895753,0.226057991,0.148697095,$632K,9.0%,-6.2%,2,-2,-1.8,7,0.0%,-41.7%,2/1/2015,30,2/28/2015,0.1,0.016666667,0.033333333,Multi-Family (2-4 Unit),"Berkeley, CA",place,0.8,0.466666667,0.3,California,CA,1590
Value,,1,1.060239117,5.0%,-7.4%,Alameda,2,0.0%,-50.0%,7,40.0%,75.0%,26,-9,10,402.152780179,-0.056536811,-0.060657185,1119500,0.184656085,-0.251170569,430.978138382,0.158908289,-0.000375371,$938K,-1.5%,-10.6%,3.5,1,2.5,4,33.3%,300.0%,10/1/2016,30,10/31/2016,,,,Multi-Family (2-4 Unit),"Alameda, CA",place,1,0.5,0.25,California,CA,117
Value,,1,0.951503618,-2.4%,-8.5%,Alameda,4,0.0%,-33.3%,7,0.0%,75.0%,30,-19,8,376.869965478,0.037340840,0.327206217,825000,0.376720901,0.467971530,269.709132679,-0.049872419,0.202904287,$723K,18.6%,40.6%,1.8,0,1.1,3,-25.0%,50.0%,12/1/2013,30,12/31/2013,,,,Multi-Family (2-4 Unit),"Alameda, CA",place,0.25,0,-0.416666667,California,CA,117
Value,,1,1.037774992,2.3%,2.7%,Alameda,5,150.0%,66.7%,13,44.4%,8.3%,16,-5,-3,293.321299639,-0.156723203,0.166417358,649000,-0.211900425,0.221072437,326.991676576,0.434950625,0.132540091,$615K,-6.6%,-16.9%,2.6,-1.9,-1.4,9,125.0%,125.0%,5/1/2013,30,5/31/2013,,,,Multi-Family (2-4 Unit),"Alameda, CA",place,0.8,-0.2,-0.2,California,CA,117
Value,,1,1.047175087,6.8%,0.0%,Berkeley,11,83.3%,120.0%,17,21.4%,-29.2%,32,7,16,335.335335335,-0.006085524,0.135198356,749000,-0.105671642,-0.057861635,387.521968366,-0.007326683,0.145957821,$790K,-0.3%,8.8%,1.5,-0.8,-3.3,11,175.0%,-21.4%,9/1/2014,30,9/30/2014,0.117647059,0.046218487,-0.049019608,Multi-Family (2-4 Unit),"Berkeley, CA",place,0.454545455,0.121212121,-0.345454545,California,CA,1590
Value,,1,1.076407593,-0.7%,6.5%,Alameda,4,300.0%,-42.9%,6,500.0%,-25.0%,72,52,57,388.784165881,0.083330879,0.356726938,825000,0.101468625,0.311605723,405.098672429,0.521301322,0.187942088,$623K,-52.1%,-15.3%,1.5,0.5,0.4,7,133.3%,133.3%,3/1/2015,30,3/31/2015,,,,Multi-Family (2-4 Unit),"Alameda, CA",place,0.5,-0.5,-0.214285714,California,CA,117
Value,,1,1.078698810,3.7%,3.8%,Oakland,29,45.0%,0.0%,70,20.7%,-9.1%,25,-18,0,297.123176661,0.007289539,0.050099775,750000,0.153846154,0.209677419,296.474358974,-0.037042709,0.173007246,$700K,6.5%,23.0%,2.4,-0.5,-0.3,41,10.8%,-22.6%,3/1/2017,30,3/31/2017,0.085714286,-0.052216749,0.020779221,Multi-Family (2-4 Unit),"Oakland, CA",place,0.517241379,-0.032758621,-0.137931034,California,CA,13654
Value,,1,0.980411613,-1.9%,8.0%,Alameda,3,-40.0%,-25.0%,11,-21.4%,-31.3%,41,-89,0,261.690629071,-0.068961999,0.006365806,573444,-0.116419106,-0.129885106,278.695193435,0.403137401,0.417910237,$565K,-12.7%,22.2%,3.7,0.9,-0.3,3,-57.1%,-62.5%,7/1/2012,30,7/31/2012,0.181818182,-0.103896104,-0.005681818,Multi-Family (2-4 Unit),"Alameda, CA",place,0,-0.2,0,California,CA,117
Value,,1,0.959943596,-4.2%,-0.1%,Oakland,25,-30.6%,-44.4%,129,6.6%,-36.5%,94,75,21,94.014122661,0.051181529,-0.112421513,229450,0.164720812,-0.051663567,77.192173144,-0.101494342,-0.179038535,$156K,-29.9%,-30.7%,5.2,1.8,0.7,65,38.3%,4.8%,1/1/2012,30,1/31/2012,0.155038760,-0.051572811,-0.061710009,Multi-Family (2-4 Unit),"Oakland, CA",place,0.32,-0.096666667,0.008888889,California,CA,13654
Value,,1,1.017181587,,2.3%,Alameda,3,,-25.0%,10,,66.7%,26,,11,338.728802524,,0.174884732,693000,,0.167649537,358.831710709,,0.474416839,$710K,,38.3%,3.3,,1.8,6,,50.0%,2/1/2014,30,2/28/2014,,,,Multi-Family (2-4 Unit),"Alameda, CA",place,0.666666667,,0.416666667,California,CA,117
Value,,1,1.104982628,-11.8%,-4.7%,Berkeley,9,125.0%,125.0%,3,-50.0%,-82.4%,16,-6,2,355.111111111,-0.198318318,0.069986321,799000,-0.112222222,-0.053597868,365.096750639,-0.178584644,-0.115997767,"$1,000K",-17.5%,8.4%,0.3,-1.2,-4,1,-88.9%,-83.3%,10/1/2015,30,10/31/2015,,,,Multi-Family (2-4 Unit),"Berkeley, CA",place,0.666666667,-0.333333333,-0.083333333,California,CA,1590
Value,,1,1.153611474,5.3%,-0.3%,Alameda,7,250.0%,600.0%,5,0.0%,66.7%,14,-14,3,429.223845012,0.014157200,0.255705663,1019500,-0.073181818,0.076557550,452.423698384,-0.058569467,0.034522979,"$1,100K",5.0%,40.1%,0.7,-1.8,-2.3,4,0.0%,0.0%,8/1/2016,30,8/31/2016,,,,Multi-Family (2-4 Unit),"Alameda, CA",place,0.714285714,0.214285714,-0.285714286,California,CA,117
Value,,1,0.996357013,-18.4%,-4.1%,Alameda,2,-33.3%,-60.0%,10,0.0%,-23.1%,109,98,93,328.848283499,-0.209679546,0.121119687,629000,0.096774194,-0.030816641,345.989699817,-0.023597990,0.058099409,$558K,-30.1%,-9.3%,5,1.7,2.4,7,16.7%,-22.2%,5/1/2014,30,5/31/2014,0.1,,,Multi-Family (2-4 Unit),"Alameda, CA",place,0,-0.666666667,-0.8,California,CA,117
Value,,1,1.058880712,1.9%,8.3%,Oakland,37,2.8%,42.3%,96,-9.4%,-28.9%,23,1,-23,146.017699115,0.051734260,0.673580663,349000,0.083850932,0.623255814,141.473604254,0.102706245,0.778795426,$330K,1.9%,29.4%,2.6,-0.3,-2.6,35,-37.5%,-10.3%,11/1/2012,30,11/30/2012,0.135416667,-0.006092767,-0.138657407,Multi-Family (2-4 Unit),"Oakland, CA",place,0.621621622,0.093843844,0.237006237,California,CA,13654
Value,,1,0.998589613,-3.9%,1.5%,Oakland,28,-45.1%,-12.5%,85,14.9%,-15.8%,54,24,8,218.822860949,0.032723532,0.136097643,431450,-0.157324219,0.092278481,188.604873387,-0.144314198,0.098043691,$478K,-7.4%,38.4%,3,1.5,-0.2,48,140.0%,23.1%,1/1/2015,30,1/31/2015,0.129411765,-0.032750397,-0.048806057,Multi-Family (2-4 Unit),"Oakland, CA",place,0.5,-0.029411765,0.0625,California,CA,13654
Value,,1,1.046132808,3.5%,-3.6%,Berkeley,6,-45.5%,-14.3%,20,11.1%,-13.0%,27,-54,13,310.499938046,0.086540937,5.157126690e-05,534475,-0.051087439,-0.233177905,276.192051374,0.298102641,0.192448222,$628K,0.4%,-0.5%,3.3,1.7,0,8,33.3%,0.0%,9/1/2012,30,9/30/2012,0.1,-0.011111111,-0.421739130,Multi-Family (2-4 Unit),"Berkeley, CA",place,0.666666667,0.303030303,-0.190476190,California,CA,1590
Value,,1,1.058026054,2.0%,-0.1%,Oakland,30,30.4%,15.4%,82,1.2%,-6.8%,32,-24,1,239.605332258,-0.061439217,0.118534069,593444,0.055011556,0.189266533,234.086012987,-0.026991874,0.070506782,$568K,7.1%,10.2%,2.7,-0.8,-0.7,46,35.3%,0.0%,2/1/2016,30,2/29/2016,0.073170732,0.011442337,-0.029101996,Multi-Family (2-4 Unit),"Oakland, CA",place,0.5,-0.021739130,0.076923077,California,CA,13654
Value,,1,1.061538462,,,San Ramon,1,,,,,,6,,,,,,,,,358.255451713,,,$690K,,,,,,,,,4/1/2015,30,4/30/2015,,,,Multi-Family (2-4 Unit),"San Ramon, CA",place,1,,,California,CA,17519
Value,,1,0.953475719,-3.9%,7.3%,Fremont,1,0.0%,0.0%,2,-33.3%,-60.0%,17,-37,-417,,,,,,,381.944444444,0.234294581,0.55,$715K,-2.6%,30.0%,2,-1,-3,,,,7/1/2013,30,7/31/2013,,,,Multi-Family (2-4 Unit),"Fremont, CA",place,0,0,0,California,CA,6671
Value,,1,0.923112427,,,Fremont,1,,,2,,,125,,,420.121501027,,,1149500,,,416.522040958,,,"$1,200K",,,2,,,2,,,11/1/2015,30,11/30/2015,,,,Multi-Family (2-4 Unit),"Fremont, CA",place,0,,,California,CA,6671
Value,,1,1.040223004,-1.8%,2.2%,Oakland,29,-3.3%,45.0%,77,-6.1%,-14.4%,25,-7,0,282.947567312,0.180890111,0.305434804,620000,0.044748957,0.242484970,252.747252747,0.079719585,0.272503398,$569K,0.3%,25.2%,2.7,0,-1.8,53,15.2%,17.8%,3/1/2016,30,3/31/2016,0.064935065,-0.008235667,-0.023953824,Multi-Family (2-4 Unit),"Oakland, CA",place,0.655172414,0.155172414,0.205172414,California,CA,13654
Value,,1,1.000578328,-7.8%,-5.1%,Oakland,20,-31.0%,-33.3%,69,-1.4%,-21.6%,31,6,11,296.248934356,-0.002942356,0.131120653,695000,-0.073333333,0.091051805,251.155005714,-0.152860954,-0.021139170,$625K,-10.7%,5.9%,3.5,1.1,0.6,29,-29.3%,-42.0%,4/1/2017,30,4/30/2017,0.144927536,0.059213251,-0.025527009,Multi-Family (2-4 Unit),"Oakland, CA",place,0.3,-0.217241379,-0.3,California,CA,13654
Value,,1,1.028298407,-20.3%,-10.2%,Berkeley,5,0.0%,-16.7%,14,-6.7%,7.7%,40,24,20,537.401305539,0.171489875,0.156300671,1043500,-0.092608696,-0.090631808,596.184419714,0.024915948,0.181994995,"$1,275K",-21.0%,-5.9%,2.8,-0.2,0.6,8,-27.3%,-42.9%,6/1/2018,30,6/30/2018,0.142857143,-0.123809524,0.065934066,Multi-Family (2-4 Unit),"Berkeley, CA",place,0.4,-0.6,-0.266666667,California,CA,1590
Value,,1,0.982400869,,4.1%,Fremont,4,,33.3%,2,,0.0%,57,,-51,311.930860034,,0.265214890,739900,,-0.012149533,237.919132150,,0.338691650,$591K,,1.1%,0.5,,-0.2,1,,0.0%,3/1/2013,30,3/31/2013,0.5,,-0.5,Multi-Family (2-4 Unit),"Fremont, CA",place,0.25,,0.25,California,CA,6671
Value,,1,1.025535792,-2.7%,-1.7%,Berkeley,6,100.0%,20.0%,13,8.3%,62.5%,18,1,4,598.693299696,-0.012681225,0.124968125,1210000,-0.065637066,0.149643705,572.887753052,0.069221759,0.199743193,"$1,104K",-35.1%,-18.6%,2.2,-1.8,0.6,10,100.0%,25.0%,4/1/2018,30,4/30/2018,0.384615385,0.301282051,,Multi-Family (2-4 Unit),"Berkeley, CA",place,0.333333333,-0.333333333,-0.266666667,California,CA,1590
Value,,1,1.294422217,,37.1%,Fremont,1,,0.0%,5,,150.0%,13,,-112,539.223485980,,0.283494143,1343944,,0.169155285,505.050505051,,0.212542088,"$1,100K",,-8.3%,5,,3,4,,100.0%,11/1/2016,30,11/30/2016,0.2,,,Multi-Family (2-4 Unit),"Fremont, CA",place,1,,1,California,CA,6671
Value,,1,0.992025949,,,Fremont,1,,,3,,,54,,,364.386957447,,,974388,,,309.443507589,,,$734K,,,3,,,2,,,6/1/2013,30,6/30/2013,,,,Multi-Family (2-4 Unit),"Fremont, CA",place,0,,,California,CA,6671
Value,,1,1.099275196,5.6%,0.8%,Oakland,28,-3.4%,-34.9%,81,5.2%,-22.9%,17,-3,-3,297.521047984,-0.013387079,0.117382336,709500,0.015021459,0.109460516,325.763929940,0.000811675,0.071083163,$821K,11.1%,29.3%,2.9,0.2,0.5,46,-14.8%,-28.1%,6/1/2017,30,6/30/2017,0.135802469,-0.020041687,0.002469136,Multi-Family (2-4 Unit),"Oakland, CA",place,0.821428571,0.166256158,0.100498339,California,CA,13654
Value,,1,0.980754790,-14.2%,-4.9%,Alameda,2,-50.0%,0.0%,5,-28.6%,-44.4%,27,12,-55,418.655625913,-0.157454500,0.184445295,859500,-0.102818372,-0.28375,522.761093074,0.127974571,0.525807291,"$1,011K",-9.1%,-6.4%,2.5,0.7,-2,1,-66.7%,-80.0%,11/1/2017,30,11/30/2017,0.2,0.057142857,0.088888889,Multi-Family (2-4 Unit),"Alameda, CA",place,0.5,-0.5,0,California,CA,117
Value,,1,0.918644068,-3.1%,,Dublin,1,-50.0%,,1,-50.0%,,39,7,,,,,,,,281.412253375,-0.032142857,,$542K,-3.2%,,1,0,,,,,9/1/2013,30,9/30/2013,,,,Multi-Family (2-4 Unit),"Dublin, CA",place,0,0,,California,CA,5159
Value,,1,0.981230071,-12.4%,5.0%,Berkeley,7,-22.2%,75.0%,3,0.0%,-80.0%,28,12,-80,410.127737226,0.154927921,0.289215328,899000,0.125156446,0.125156446,463.280713795,0.268925875,0.827033769,$975K,-2.5%,71.4%,0.4,0.1,-3.4,5,400.0%,-28.6%,11/1/2015,30,11/30/2015,0.333333333,,0.266666667,Multi-Family (2-4 Unit),"Berkeley, CA",place,0.428571429,-0.238095238,0.428571429,California,CA,1590
Value,,1,1.119305535,7.2%,10.7%,Berkeley,11,120.0%,175.0%,24,0.0%,4.3%,19,3,-73,388.157894737,0.314016620,0.388223849,750000,-0.056603774,0.470588235,349.557522124,0.033691530,0.333139554,"$1,027K",41.5%,31.5%,2.2,-2.6,-3.6,11,-21.4%,0.0%,10/1/2013,30,10/31/2013,0.208333333,0.041666667,0.121376812,Multi-Family (2-4 Unit),"Berkeley, CA",place,0.818181818,0.018181818,0.318181818,California,CA,1590
Value,,1,1.075449102,,8.3%,Fremont,1,,0.0%,1,,-66.7%,14,,-40,,,,,,,266.627078385,,-0.138365899,$898K,,22.3%,1,,-2,,,,6/1/2014,30,6/30/2014,,,,Multi-Family (2-4 Unit),"Fremont, CA",place,1,,1,California,CA,6671
Value,,1,1.000081606,-15.9%,2.1%,Fremont,2,100.0%,100.0%,2,0.0%,0.0%,113,102,101,531.045751634,,0.432474452,1300000,,0.000769823,443.872706444,-0.197577850,0.234820731,$747K,-19.3%,-41.3%,1,-1,-1,1,,-50.0%,1/1/2017,30,1/31/2017,,,,Multi-Family (2-4 Unit),"Fremont, CA",place,0.5,-0.5,0.5,California,CA,6671
Value,,1,1.031000973,-2.0%,-5.9%,Oakland,33,-23.3%,-21.4%,114,2.7%,-19.1%,32,11,12,184.663641079,-0.109916569,-0.067901561,450000,0.156812339,-0.079754601,205.716760502,0.070854370,0.145107960,$510K,6.3%,24.5%,3.5,0.9,0.1,56,24.4%,-26.3%,7/1/2014,30,7/31/2014,0.184210526,-0.004978663,0.056550952,Multi-Family (2-4 Unit),"Oakland, CA",place,0.454545455,-0.150105708,-0.235930736,California,CA,13654
Value,,1,1.037337302,1.0%,4.1%,Oakland,51,37.8%,21.4%,74,-28.8%,-26.0%,30,4,-12,211.889101207,-0.007778404,0.357791030,512000,-0.069090909,0.551985450,220.413699559,-0.002450257,0.361624473,$516K,-6.3%,33.1%,1.5,-1.3,-0.9,20,-35.5%,-25.9%,12/1/2014,30,12/31/2014,0.162162162,0.027546778,-0.037837838,Multi-Family (2-4 Unit),"Oakland, CA",place,0.529411765,0.042925278,0.029411765,California,CA,13654
Value,,1,1.051838068,1.2%,-5.1%,Oakland,30,3.4%,-14.3%,88,14.3%,-12.9%,20,-5,0,261.907457555,-0.074360455,0.099310780,637000,0.027419355,0.276553106,256.578870096,0.015159877,0.096104933,$590K,3.7%,-1.5%,2.9,0.2,0,50,-5.7%,-7.4%,4/1/2016,30,4/30/2016,0.170454545,0.105519481,0.101147615,Multi-Family (2-4 Unit),"Oakland, CA",place,0.6,-0.055172414,-0.057142857,California,CA,13654
Value,,1,1.009298999,0.4%,,Fremont,1,-66.7%,,1,-50.0%,,13,-9,,,,,,,,346.512770138,0.188043783,,$706K,0.8%,,1,0.3,,,,,12/1/2013,30,12/31/2013,,,,Multi-Family (2-4 Unit),"Fremont, CA",place,1,0.333333333,,California,CA,6671
Value,,1,1.203840167,6.3%,8.9%,Berkeley,3,-50.0%,-72.7%,13,-23.5%,-23.5%,25,2,9,475.428042416,-0.032376828,0.051334608,924500,-0.000540541,0.152743142,563.293763145,0.337424895,0.437955938,"$1,280K",53.3%,28.6%,4.3,1.5,2.8,10,11.1%,-23.1%,5/1/2016,30,5/31/2016,0.076923077,-0.040723982,-0.040723982,Multi-Family (2-4 Unit),"Berkeley, CA",place,0.666666667,-0.166666667,0.030303030,California,CA,1590
Value,,1,1.033068941,-1.4%,-5.8%,Oakland,29,38.1%,45.0%,60,27.7%,11.1%,35,3,11,302.258988228,-0.001332080,0.002933184,748888,0.070604718,0.156628441,343.725019984,-0.090989629,0.375533220,$738K,5.4%,-3.8%,2.1,-0.1,-0.6,39,50.0%,30.0%,1/1/2018,30,1/31/2018,0.083333333,0.040780142,0.027777778,Multi-Family (2-4 Unit),"Oakland, CA",place,0.689655172,-0.024630542,-0.010344828,California,CA,13654
Value,,1,1.070490517,8.9%,-22.0%,Berkeley,2,-71.4%,-71.4%,4,33.3%,-66.7%,96,68,83,399.594534050,-0.025682738,-0.118604856,924500,0.028364850,0.091499410,347.465295779,-0.249989725,-0.111647060,"$1,157K",18.6%,-2.2%,2,1.6,0.3,4,-20.0%,0.0%,12/1/2015,30,12/31/2015,0.5,0.166666667,0.333333333,Multi-Family (2-4 Unit),"Berkeley, CA",place,0.5,0.071428571,-0.357142857,California,CA,1590
Value,,1,1.002603913,,-5.9%,San Ramon,1,,0.0%,,,,153,,147,,,,,,,396.711202467,,0.107341704,$772K,,11.9%,,,,,,,4/1/2016,30,4/30/2016,,,,Multi-Family (2-4 Unit),"San Ramon, CA",place,1,,0,California,CA,17519
Value,,1,0.960416062,-4.9%,-14.0%,Alameda,5,150.0%,150.0%,3,50.0%,-40.0%,27,-93,-1,468.235294118,0.031184900,0.106332279,995000,-0.193679092,-0.095454545,408.849557522,-0.199148446,-0.149241168,"$1,155K",14.9%,10.3%,0.6,-0.4,-1.9,3,50.0%,-25.0%,7/1/2017,30,7/31/2017,0.333333333,-0.166666667,0.133333333,Multi-Family (2-4 Unit),"Alameda, CA",place,0.4,-0.6,-0.1,California,CA,117
Value,,1,1.011264856,1.2%,1.1%,Alameda,3,-50.0%,0.0%,12,-7.7%,-40.0%,19,-12,-94,251.471994672,0.128223834,0.351721846,531500,0.163019694,0.012380952,288.724151385,0.291181404,0.349183899,$740K,29.7%,54.2%,4,1.8,-2.7,4,0.0%,-20.0%,5/1/2012,30,5/31/2012,0.083333333,-0.070512821,-0.166666667,Multi-Family (2-4 Unit),"Alameda, CA",place,1,0.666666667,0.666666667,California,CA,117
Value,,1,1.016263209,-7.5%,-1.1%,Berkeley,4,300.0%,-20.0%,27,35.0%,28.6%,47,32,19,227.309941520,-0.016581545,-0.149768816,472000,-0.133944954,-0.212020033,179.971516135,-0.404457892,0.322117620,$510K,-28.7%,35.9%,6.8,-13.2,2.6,10,11.1%,150.0%,2/1/2012,30,2/29/2012,0.222222222,0.072222222,-0.063492063,Multi-Family (2-4 Unit),"Berkeley, CA",place,0.75,-0.25,0.35,California,CA,1590
Value,,1,0.954924875,,,Dublin,1,,,,,,2,,,,,,,,,252.204585538,,,$572K,,,,,,,,,8/1/2012,30,8/31/2012,,,,Multi-Family (2-4 Unit),"Dublin, CA",place,0,,,California,CA,5159
Value,,1,1.049646261,-5.7%,0.6%,Oakland,33,-2.9%,13.8%,77,-7.2%,0.0%,27,12,7,331.613854090,0.050311516,0.099668462,825000,0.108126259,0.180257511,347.373605609,0.045518084,0.067200903,$820K,1.4%,11.0%,2.3,-0.1,-0.4,53,-1.9%,-1.9%,5/1/2018,30,5/31/2018,0.142857143,0.070567986,-0.012987013,Multi-Family (2-4 Unit),"Oakland, CA",place,0.636363636,-0.010695187,-0.018808777,California,CA,13654
Value,,1,1.033320472,-2.1%,-11.7%,Alameda,5,400.0%,25.0%,2,-50.0%,-71.4%,22,9,6,493.138350214,0.155610052,0.215448951,937000,-0.144292237,-0.096432015,421.473582162,-0.225336265,-0.146503298,"$1,100K",-12.2%,-6.1%,0.4,-3.6,-1.4,2,-33.3%,-50.0%,5/1/2018,30,5/31/2018,,,,Multi-Family (2-4 Unit),"Alameda, CA",place,0.4,-0.6,-0.6,California,CA,117
Value,,1,1.001145475,0.7%,-5.8%,Alameda,1,-75.0%,-50.0%,7,16.7%,-56.3%,34,19,-51,274.689339438,-0.047236880,0.115748775,699000,0.177759056,0.237277635,175.643086817,-0.278293648,-0.248594899,$437K,-14.9%,-44.2%,7,5.5,-1,7,75.0%,-12.5%,3/1/2013,30,3/31/2013,,,,Multi-Family (2-4 Unit),"Alameda, CA",place,1,0.75,0.5,California,CA,117
Value,,1,0.941569158,2.8%,,Fremont,3,200.0%,,2,-50.0%,,108,36,,246.543778802,0.196131486,,749000,0.070841375,,177.725118483,0.006510604,,$585K,-1.5%,,0.7,-3.3,,1,-50.0%,,3/1/2012,30,3/31/2012,1,,,Multi-Family (2-4 Unit),"Fremont, CA",place,0,0,,California,CA,6671
Value,,1,1.058885475,0.9%,8.0%,Oakland,40,-14.9%,14.3%,87,-16.3%,-51.1%,25,3,-6,148.720999405,0.084877665,0.411881717,295000,0.020761246,0.432734337,120.762711864,0.062021792,0.170469361,$264K,-0.4%,17.3%,2.2,0,-2.9,45,-23.7%,-18.2%,7/1/2012,30,7/31/2012,0.103448276,-0.088859416,-0.149360713,Multi-Family (2-4 Unit),"Oakland, CA",place,0.675,0.036702128,0.360714286,California,CA,13654
Value,,1,1.085178374,3.3%,2.6%,Oakland,33,10.0%,-5.7%,98,11.4%,-19.7%,21,1,0,265.874641540,0.015147274,0.150495945,630000,-0.010989011,0.211538462,252.413793103,-0.016233125,0.146260729,$580K,-1.7%,12.4%,3,0.1,-0.5,55,10.0%,-24.7%,5/1/2016,30,5/31/2016,0.112244898,-0.058209647,-0.059886250,Multi-Family (2-4 Unit),"Oakland, CA",place,0.606060606,0.006060606,-0.051082251,California,CA,13654
Value,,1,1.223280760,15.9%,17.6%,Berkeley,4,0.0%,-63.6%,6,-40.0%,-64.7%,22,2,-10,442.957746479,0.258115258,0.320939668,900000,-0.076449461,0.201602136,444.472760106,0.366754924,0.146961454,"$1,213K",46.5%,53.5%,1.5,-1,0,9,50.0%,-18.2%,9/1/2015,30,9/30/2015,0.333333333,,0.215686275,Multi-Family (2-4 Unit),"Berkeley, CA",place,1,0.25,0.545454545,California,CA,1590
Value,,1,1.061079957,-10.3%,1.0%,Alameda,4,100.0%,-42.9%,4,-20.0%,-66.7%,20,-18,2,370.248215657,-0.024790584,0.221563768,744450,-0.065348399,-0.123144876,398.927649349,-0.091568603,-0.105124533,$918K,-3.2%,26.6%,1,-1.5,-0.7,2,0.0%,-71.4%,6/1/2015,30,6/30/2015,0.25,,0.083333333,Multi-Family (2-4 Unit),"Alameda, CA",place,0.75,0.25,0.178571429,California,CA,117
Value,,1,1.040040632,0.6%,5.1%,Oakland,36,38.5%,28.6%,106,1.9%,-31.6%,22,-2,-21,138.835164547,0.046850045,0.295346163,322000,0.091525424,0.076923077,128.296728952,-0.007569557,0.401876453,$324K,20.4%,56.9%,2.9,-1.1,-2.6,56,9.8%,-5.1%,10/1/2012,30,10/31/2012,0.141509434,0.026124819,-0.103651856,Multi-Family (2-4 Unit),"Oakland, CA",place,0.527777778,-0.049145299,0.099206349,California,CA,13654
Value,,1,1.054713805,-1.9%,-3.5%,Alameda,1,-83.3%,-50.0%,4,0.0%,-20.0%,13,-4,-5,426.734216680,-0.172753450,-0.124195616,1095000,-0.078282828,0.005509642,544.072948328,0.131478350,0.051888662,"$1,253K",10.9%,47.7%,4,3.3,1.5,3,0.0%,200.0%,4/1/2018,30,4/30/2018,0.25,,-0.35,Multi-Family (2-4 Unit),"Alameda, CA",place,1,0.166666667,0,California,CA,117
Value,,1,0.980593607,-4.2%,,Alameda,2,-77.8%,,2,-71.4%,,229,214,,,,,,,,425.118504859,0.294161688,,$885K,3.0%,,1,0.2,,,,,1/1/2015,30,1/31/2015,1,,,Multi-Family (2-4 Unit),"Alameda, CA",place,0.5,0.055555556,,California,CA,117
Value,,1,1.028786192,-7.0%,-9.0%,Oakland,35,25.0%,20.7%,82,1.2%,-26.8%,41,24,22,319.177212531,0.072788681,0.139679877,749750,0.056730092,0.088171263,309.724170173,-0.049237372,-0.013012311,$590K,-28.2%,-9.3%,2.3,-0.6,-1.6,46,0.0%,15.0%,7/1/2017,30,7/31/2017,0.231707317,0.095904848,0.115635889,Multi-Family (2-4 Unit),"Oakland, CA",place,0.588235294,-0.233193277,-0.204868154,California,CA,13654
Value,,1,1.089793631,6.1%,-17.5%,Alameda,2,-66.7%,0.0%,5,-28.6%,25.0%,18,-84,8,487.248322148,0.159401136,0.024796572,1089000,0.094472362,-0.114634146,517.234349782,0.280318033,0.417087431,$849K,-22.2%,-18.7%,2.5,1.3,0.5,1,-85.7%,-50.0%,4/1/2017,30,4/30/2017,0.6,0.457142857,,Multi-Family (2-4 Unit),"Alameda, CA",place,1,0.5,0,California,CA,117
Value,,1,1.022435762,17.3%,7.1%,Alameda,9,800.0%,125.0%,7,40.0%,0.0%,15,-2,-15,353.153803839,0.348474849,-0.062929296,909000,-0.017297297,0.101818182,328.489483748,-0.235814010,0.217939788,$859K,-21.9%,18.9%,0.8,-4.2,-1,2,100.0%,-33.3%,12/1/2014,30,12/31/2014,,,,Multi-Family (2-4 Unit),"Alameda, CA",place,0.444444444,0.444444444,0.194444444,California,CA,117
Value,,1,1,10.7%,6.1%,Fremont,1,0.0%,-75.0%,7,16.7%,40.0%,9,-74,-29,255.166919859,0.045411138,-0.111768158,1124500,1.271717172,0.022505115,264.489420423,-0.234724929,-0.087869581,"$1,150K",-4.6%,88.2%,7,1,5.7,2,0.0%,0.0%,11/1/2012,30,11/30/2012,0.571428571,,0.171428571,Multi-Family (2-4 Unit),"Fremont, CA",place,0,0,0,California,CA,6671
Value,,1,1.035058431,,,Dublin,1,,,,,,20,,,,,,,,,241.998438720,,,$620K,,,,,,,,,11/1/2012,30,11/30/2012,,,,Multi-Family (2-4 Unit),"Dublin, CA",place,1,,,California,CA,5159
Value,,1,1.023516186,1.7%,-2.2%,Oakland,46,0.0%,35.3%,101,-12.2%,-19.8%,26,-17,-10,232.839673913,0.072592040,0.176172981,502500,-0.125326371,0.116666667,239.138894571,0.044045418,0.004116017,$603K,36.0%,15.9%,2.2,-0.3,-1.5,36,-25.0%,-39.0%,8/1/2015,30,8/31/2015,0.217821782,0.026517434,0.074964639,Multi-Family (2-4 Unit),"Oakland, CA",place,0.434782609,-0.043478261,-0.124040921,California,CA,13654
Value,,1,1.035638419,-7.5%,-0.2%,Oakland,41,41.4%,28.1%,103,-3.7%,-12.7%,30,12,-1,307.637657645,0.037996150,0.196299474,699975,0.076967459,0.275,249.843847595,-0.243186576,0.083655549,$682K,-9.1%,36.5%,2.5,-1.2,-1.2,48,20.0%,-15.8%,9/1/2016,30,9/30/2016,0.126213592,-0.013973324,0.024518677,Multi-Family (2-4 Unit),"Oakland, CA",place,0.585365854,-0.207737595,0.022865854,California,CA,13654
Value,,1,1.023607572,-1.9%,-3.6%,Oakland,31,-16.2%,-34.0%,69,-6.8%,-4.2%,20,-9,-14,319.240214769,0.027451889,0.040995519,799000,0.195213164,0.154624277,314.033366045,0.009956554,0.056510092,$715K,2.1%,-4.7%,2.2,0.2,0.7,27,-3.6%,-10.0%,11/1/2017,30,11/30/2017,0.173913043,0.052291422,0.104468599,Multi-Family (2-4 Unit),"Oakland, CA",place,0.548387097,-0.100261552,-0.004804393,California,CA,13654
Value,,1,1.032253410,-0.1%,-14.5%,Berkeley,2,-50.0%,-60.0%,9,-18.2%,-30.8%,57,31,35,417.089664322,0.091048473,0.270069362,1074975,-0.063202614,0.435213618,444.089234200,0.136835240,-0.063427192,"$1,089K",12.7%,26.6%,4.5,1.7,1.9,4,-33.3%,-55.6%,2/1/2017,30,2/28/2017,0.222222222,0.040404040,0.145299145,Multi-Family (2-4 Unit),"Berkeley, CA",place,0.5,0,-0.3,California,CA,1590
Value,,1,1.051365449,5.5%,0.8%,Alameda,7,250.0%,40.0%,12,20.0%,71.4%,18,-91,2,303.093645485,-0.078317690,0.186083126,849000,0.349761526,0.531109107,445.791245791,0.288452362,1.105469670,$725K,30.0%,6.1%,1.7,-3.3,0.3,7,0.0%,250.0%,6/1/2014,30,6/30/2014,0.166666667,0.066666667,,Multi-Family (2-4 Unit),"Alameda, CA",place,0.571428571,0.571428571,-0.028571429,California,CA,117
Value,,1,0.931137954,-22.1%,-8.4%,Berkeley,4,0.0%,-60.0%,15,-11.8%,-11.8%,108,94,76,318.121983326,-0.041465728,0.315506098,799000,-0.053597868,0.333889816,253.569869137,-0.386035810,-0.345022638,$569K,-38.3%,-25.1%,3.8,-0.5,2.1,7,16.7%,133.3%,11/1/2014,30,11/30/2014,0.066666667,-0.050980392,-0.109803922,Multi-Family (2-4 Unit),"Berkeley, CA",place,0,-0.75,-0.4,California,CA,1590
Value,,1,1.029294461,2.0%,-2.7%,Oakland,36,2.9%,0.0%,88,-4.3%,-26.7%,25,-8,-5,156.104139401,0.025838690,0.389376826,351500,0.100500939,0.417338710,142.441301754,0.037511644,0.625496548,$291K,-14.6%,45.3%,2.4,-0.2,-0.9,56,16.7%,-9.7%,3/1/2013,30,3/31/2013,0.125,0.027173913,-0.066666667,Multi-Family (2-4 Unit),"Oakland, CA",place,0.5,0.1,-0.055555556,California,CA,13654
Value,,1,1.042715773,-1.3%,4.7%,Oakland,47,30.6%,17.5%,106,-11.7%,-46.2%,37,7,10,130.911612749,0.165155272,0.398386194,277400,0.118548387,0.132244898,92.213114754,0.052307848,-0.152907888,$220K,10.0%,-7.2%,2.3,-1,-2.6,44,-29.0%,-38.9%,4/1/2012,30,4/30/2012,0.188679245,-0.002987421,-0.075280146,Multi-Family (2-4 Unit),"Oakland, CA",place,0.404255319,-0.151300236,0.029255319,California,CA,13654
Value,,1,1.088972726,3.4%,10.8%,Berkeley,12,9.1%,71.4%,16,-11.1%,433.3%,17,2,-11,507.751402045,0.107282239,0.238032340,924000,-0.071356784,0.027808676,444.544812541,-0.012624295,-0.040441790,$935K,-25.2%,-4.1%,1.3,-0.3,0.9,6,-57.1%,20.0%,11/1/2016,30,11/30/2016,0.25,0.027777778,-0.083333333,Multi-Family (2-4 Unit),"Berkeley, CA",place,0.75,0.113636364,0.321428571,California,CA,1590
Value,,1,1.180085516,16.9%,16.5%,Alameda,3,-57.1%,50.0%,10,25.0%,11.1%,11,-4,-10,416.094865940,0.452032163,0.196241618,573500,-0.088235294,-0.303582271,354.351687389,0.039127778,0.555015652,$798K,8.6%,21.2%,3.3,2.2,-1.2,6,100.0%,50.0%,4/1/2014,30,4/30/2014,,,,Multi-Family (2-4 Unit),"Alameda, CA",place,0.666666667,-0.047619048,-0.333333333,California,CA,117
Value,,1,1.089099597,5.6%,4.7%,Oakland,21,-27.6%,5.0%,73,21.7%,25.9%,19,-16,-24,335.384811332,0.109594171,0.137001885,799250,0.067249041,0.229615385,301.700493692,-0.122262052,-0.020068073,$700K,-5.1%,6.5%,3.5,1.4,0.6,48,23.1%,29.7%,2/1/2018,30,2/28/2018,0.136986301,0.053652968,-0.000944733,Multi-Family (2-4 Unit),"Oakland, CA",place,0.714285714,0.024630542,0.164285714,California,CA,13654
Value,,1,1.035058431,,,San Ramon,1,,,,,,20,,,,,,,,,241.998438720,,,$620K,,,,,,,,,11/1/2012,30,11/30/2012,,,,Multi-Family (2-4 Unit),"San Ramon, CA",place,1,,,California,CA,17519
Value,,1,1.158948686,-13.5%,,Fremont,1,0.0%,,2,-60.0%,,11,-2,,,,,,,,553.166069295,0.095268817,,$926K,-15.8%,,2,-3,,,,,12/1/2016,30,12/31/2016,,,,Multi-Family (2-4 Unit),"Fremont, CA",place,1,0,,California,CA,6671
Value,,1,1.169176711,,,Fremont,2,,,3,,,22,,,455.420736763,,,1441944,,,371.266171994,,,"$1,185K",,,1.5,,,2,,,3/1/2016,30,3/31/2016,,,,Multi-Family (2-4 Unit),"Fremont, CA",place,1,,,California,CA,6671
Value,,1,1.059420694,-3.0%,2.9%,Oakland,47,67.9%,74.1%,72,-20.9%,-37.4%,34,13,7,306.668192985,0.062934471,0.254992659,692000,-0.010014306,0.318095238,297.236503856,0.041572800,0.201505304,$750K,13.2%,42.9%,1.5,-1.8,-2.8,30,-23.1%,-25.0%,11/1/2016,30,11/30/2016,0.069444444,-0.106379731,-0.026207729,Multi-Family (2-4 Unit),"Oakland, CA",place,0.553191489,-0.125379939,-0.113475177,California,CA,13654
Value,,1,0.996321216,3.6%,0.6%,Oakland,40,60.0%,2.6%,128,-0.8%,-36.9%,25,-69,-39,125.676838629,0.336786805,0.356020864,274444,0.196095010,0.483481081,83.896902583,0.086857633,-0.104662743,$259K,66.0%,17.7%,3.2,-2,-2,60,-7.7%,-15.5%,2/1/2012,30,2/29/2012,0.1015625,-0.053476260,-0.125038485,Multi-Family (2-4 Unit),"Oakland, CA",place,0.35,0.03,-0.034615385,California,CA,13654
Value,,1,1.034154126,4.0%,6.7%,Oakland,26,-31.6%,-36.6%,104,4.0%,-30.2%,24,-29,-66,132.621826040,0.037655397,0.432888877,295000,-0.092307692,0.264059989,129.275285559,0.098224331,0.108262806,$269K,6.5%,7.2%,4,1.4,0.4,51,-17.7%,21.4%,9/1/2012,30,9/30/2012,0.115384615,0.015384615,-0.132937532,Multi-Family (2-4 Unit),"Oakland, CA",place,0.576923077,0.208502024,0.235459662,California,CA,13654
Value,,1,0.928473177,-8.1%,,Fremont,1,0.0%,,2,100.0%,,249,236,,282.500392362,,,1079999,,,258.819018405,-0.253075094,,"$1,350K",91.4%,,2,1,,1,,,1/1/2014,30,1/31/2014,,,,Multi-Family (2-4 Unit),"Fremont, CA",place,0,-1,,California,CA,6671
Value,,1,1.061321684,4.0%,2.7%,Oakland,34,-10.5%,30.8%,154,6.9%,48.1%,30,8,6,185.108597285,0.110651584,0.395762695,425000,0.133333333,0.440677966,188.492063492,0.058873972,0.458067276,$378K,-3.9%,40.3%,4.5,0.7,0.5,63,10.5%,23.5%,9/1/2013,30,9/30/2013,0.129870130,-0.015963203,0.014485514,Multi-Family (2-4 Unit),"Oakland, CA",place,0.558823529,0.006191950,-0.018099548,California,CA,13654
Value,,1,1.149256507,-2.8%,0.3%,Berkeley,4,-20.0%,-20.0%,12,-7.7%,20.0%,16,-6,1,420.918367347,0.281728050,0.191878935,990000,0.321762350,0.182795699,540.339946284,0.139563092,0.342134705,"$1,250K",45.3%,13.6%,3,0.4,1,7,-22.2%,-30.0%,3/1/2016,30,3/31/2016,0.083333333,0.006410256,-0.116666667,Multi-Family (2-4 Unit),"Berkeley, CA",place,1,0.2,0.2,California,CA,1590
Value,,1,1.037697302,1.4%,-0.7%,Oakland,32,-30.4%,0.0%,118,16.8%,-9.2%,31,5,6,257.157730349,0.104441206,0.289667627,549000,0.092537313,0.076470588,230.556515770,-0.035888678,0.090340189,$500K,-17.1%,7.9%,3.7,1.5,-0.400000000,57,58.3%,-5.0%,9/1/2015,30,9/30/2015,0.101694915,-0.116126867,-0.005997392,Multi-Family (2-4 Unit),"Oakland, CA",place,0.5625,0.127717391,0.125,California,CA,13654
Value,,1,1.115645453,23.7%,6.6%,Berkeley,9,125.0%,200.0%,23,53.3%,64.3%,11,-31,-14,341.914722446,0.061981350,0.261726660,849000,0.213724089,0.306254327,362.084870849,0.050973584,0.413725934,$750K,11.3%,40.6%,2.6,-1.2,-2.1,17,41.7%,41.7%,3/1/2014,30,3/31/2014,0.217391304,0.150724638,0.074534161,Multi-Family (2-4 Unit),"Berkeley, CA",place,0.777777778,0.277777778,0.111111111,California,CA,1590
Value,,1,0.952797203,,,Dublin,1,,,,,,113,,,,,,,,,282.969885774,,,$545K,,,,,,,,,1/1/2014,30,1/31/2014,,,,Multi-Family (2-4 Unit),"Dublin, CA",place,0,,,California,CA,5159
Value,,1,1.015052054,-4.4%,1.3%,Oakland,37,0.0%,2.8%,88,-8.3%,-27.3%,24,1,5,122.477883320,-0.161212072,0.369437751,269500,-0.227793696,0.368020305,151.375299982,0.069989704,0.761986454,$365K,10.6%,64.0%,2.4,-0.2,-1,30,-14.3%,-36.2%,12/1/2012,30,12/31/2012,0.022727273,-0.112689394,-0.183884298,Multi-Family (2-4 Unit),"Oakland, CA",place,0.405405405,-0.216216216,-0.011261261,California,CA,13654
Value,,1,1.065479543,5.6%,8.8%,Berkeley,10,0.0%,42.9%,22,15.8%,-21.4%,17,-19,-6,331.931218671,-0.103723360,0.115368564,839500,0.050031270,0.199371384,255.239055398,0.029377251,0.032300180,$729K,2.5%,22.9%,2.2,0.3,-1.8,12,20.0%,-20.0%,6/1/2013,30,6/30/2013,0.045454545,-0.165071770,-0.168831169,Multi-Family (2-4 Unit),"Berkeley, CA",place,0.6,0.1,0.028571429,California,CA,1590
Value,,1,0.977695115,-2.4%,-1.5%,Berkeley,7,-12.5%,-12.5%,28,27.3%,-6.7%,23,-17,-13,297.597789116,0.226327493,0.196139747,699950,0.168530885,0.230140598,247.252747253,0.025643389,0.017503167,$593K,15.5%,45.0%,4,1.2,0.2,15,66.7%,7.1%,6/1/2012,30,6/30/2012,0.214285714,0.032467532,0.080952381,Multi-Family (2-4 Unit),"Berkeley, CA",place,0.571428571,0.196428571,0.196428571,California,CA,1590
Value,,1,1.061538462,,,Dublin,1,,,,,,6,,,,,,,,,358.255451713,,,$690K,,,,,,,,,4/1/2015,30,4/30/2015,,,,Multi-Family (2-4 Unit),"Dublin, CA",place,1,,,California,CA,5159
Value,,1,1.059856967,-5.5%,1.1%,Berkeley,7,-36.4%,75.0%,12,-29.4%,-36.8%,27,11,12,344.343874658,-0.238537486,-0.270253124,869000,0.083541147,-0.027420257,441.412520064,0.126821911,-0.045509412,$935K,-6.0%,-1.0%,1.7,0.2,-3.1,10,-23.1%,66.7%,6/1/2015,30,6/30/2015,,,,Multi-Family (2-4 Unit),"Berkeley, CA",place,0.571428571,-0.064935065,0.071428571,California,CA,1590
Value,,1,1.053805410,-0.6%,0.3%,Oakland,38,8.6%,-11.6%,124,1.6%,11.7%,19,-2,-2,251.111275632,0.086611730,0.210362714,550000,0.057692308,0.413881748,238.745417697,0.084189945,0.242784366,$575K,11.3%,19.7%,3.3,-0.2,0.7,54,-26.0%,20.0%,6/1/2015,30,6/30/2015,0.161290323,-0.010840825,-0.027898867,Multi-Family (2-4 Unit),"Oakland, CA",place,0.552631579,-0.104511278,-0.052019584,California,CA,13654
Value,,1,0.961575445,,,Fremont,3,,,1,,,5,,,426.450848964,,,1299950,,,346.644481420,,,"$1,250K",,,0.3,,,2,,,8/1/2014,30,8/31/2014,,,,Multi-Family (2-4 Unit),"Fremont, CA",place,0,,,California,CA,6671
Value,,1,1.107500596,5.7%,4.9%,Berkeley,2,-33.3%,-75.0%,17,21.4%,-34.6%,13,-12,-12,243.706774503,-0.100678285,-0.173833820,735000,0.130856220,0.017301038,346.813241649,0.354099311,0.691506265,$905K,69.6%,67.7%,8.5,3.8,5.2,10,-16.7%,-16.7%,4/1/2013,30,4/30/2013,0.176470588,0.033613445,-0.054298643,Multi-Family (2-4 Unit),"Berkeley, CA",place,1,0.333333333,0.375,California,CA,1590
Value,,1,1.025625093,-1.7%,1.9%,Oakland,42,-10.6%,-10.6%,92,-13.2%,-52.3%,25,-12,-8,112.566516578,-0.140133452,0.048658875,259000,-0.066330209,0.060660353,99.622133455,0.080346692,-0.102481210,$273K,24.1%,23.0%,2.2,-0.100000000,-1.9,35,-20.5%,-56.3%,5/1/2012,30,5/31/2012,0.25,0.061320755,-0.040155440,Multi-Family (2-4 Unit),"Oakland, CA",place,0.428571429,0.024316109,-0.082066869,California,CA,13654
Value,,1,1.153229541,1.9%,30.4%,Alameda,3,-25.0%,200.0%,3,-25.0%,-40.0%,18,2,1,,,,,,,454.355981659,0.053847955,0.056997234,"$1,090K",3.9%,-0.9%,1,0,-4,,,,11/1/2015,30,11/30/2015,,,,Multi-Family (2-4 Unit),"Alameda, CA",place,1,0.25,1,California,CA,117
Value,,1,0.992811308,-2.5%,,Alameda,5,-16.7%,,10,42.9%,,37,-2,,356.217616580,-0.018422568,,935000,0.335714286,,369.506028783,0.150268346,,$931K,16.7%,,2,0.8,,4,33.3%,,9/1/2014,30,9/30/2014,0.2,,,Multi-Family (2-4 Unit),"Alameda, CA",place,0.6,0.1,,California,CA,117
Value,,1,1.134085955,-7.2%,12.8%,Alameda,4,300.0%,300.0%,4,-20.0%,-63.6%,16,6,9,428.121420389,0.137815881,0.233169579,1495000,0.670391061,0.700796359,431.139975629,0.214736881,0.997059423,"$1,049K",-12.6%,15.9%,1,-4,-10,1,-88.9%,-83.3%,10/1/2015,30,10/31/2015,0.25,0.05,0.068181818,Multi-Family (2-4 Unit),"Alameda, CA",place,0.75,-0.25,-0.25,California,CA,117
Value,,1,1.047692158,-1.3%,-1.1%,Alameda,4,0.0%,0.0%,1,-75.0%,-90.0%,12,-8,-5,378.272980501,0.021674014,0.003807324,679000,-0.087917254,0.044615385,426.413172189,0.068898516,0.226056707,$720K,-21.6%,-14.3%,0.3,-0.7,-2.2,1,-50.0%,-80.0%,7/1/2015,30,7/31/2015,,,,Multi-Family (2-4 Unit),"Alameda, CA",place,0.75,0,0.25,California,CA,117
Value,,1,1.028720873,-5.9%,,Alameda,4,0.0%,,5,400.0%,,19,5,,478.592751633,0.005116386,,1022500,-0.313758389,,461.450029503,-0.161569228,,"$1,278K",21.4%,,1.3,1,,4,100.0%,,1/1/2018,30,1/31/2018,,,,Multi-Family (2-4 Unit),"Alameda, CA",place,0.5,-0.25,,California,CA,117
Value,,1,1.003203129,-7.0%,-2.9%,Berkeley,6,20.0%,200.0%,13,8.3%,44.4%,57,34,0,535.576493806,-0.054930645,0.284079994,1125000,-0.108557845,0.046535966,478.069624215,-0.181135029,0.076517032,"$1,133K",13.6%,4.0%,2.2,-0.2,-2.3,10,66.7%,150.0%,2/1/2018,30,2/28/2018,0.076923077,,-0.145299145,Multi-Family (2-4 Unit),"Berkeley, CA",place,0.333333333,-0.266666667,-0.166666667,California,CA,1590
Value,,1,1.017853821,-4.2%,1.9%,Oakland,20,-23.1%,-35.5%,90,2.3%,-19.6%,25,-6,-35,216.745843230,0.011820595,0.006498047,499000,0,0.110184104,198.622065121,-0.091674616,0.362216330,$455K,-11.7%,26.3%,4.5,1.1,0.9,45,-2.2%,-10.0%,3/1/2015,30,3/31/2015,0.088888889,-0.013383838,-0.027182540,Multi-Family (2-4 Unit),"Oakland, CA",place,0.45,0.026923077,-0.033870968,California,CA,13654
Value,,1,1.261936888,17.3%,19.1%,Berkeley,6,-50.0%,200.0%,12,-25.0%,200.0%,14,-3,-82,291.121513038,-0.426645575,-0.271457720,924450,0.000487013,-5.408328826e-05,484.949655538,0.090890371,0.395677961,"$1,231K",31.7%,6.4%,2,0.7,0,2,-66.7%,-50.0%,12/1/2016,30,12/31/2016,0.25,0,-0.25,Multi-Family (2-4 Unit),"Berkeley, CA",place,1,0.25,0.5,California,CA,1590
Value,,1,0.964362670,-8.7%,-2.1%,Alameda,3,200.0%,0.0%,5,-37.5%,-64.3%,49,26,43,272.899669438,-0.058250039,0.365711235,566950,0.136172345,0.259888889,365.566037736,1.534852848,0.438152348,$465K,-28.7%,-38.4%,1.7,-6.3,-3,4,33.3%,33.3%,10/1/2012,30,10/31/2012,0.8,0.425,0.442857143,Multi-Family (2-4 Unit),"Alameda, CA",place,0,-1,-0.333333333,California,CA,117
Value,,1,1.115822389,-1.1%,2.7%,Berkeley,17,70.0%,41.7%,15,-25.0%,-6.3%,20,5,3,550.595238095,0.048126593,0.084379552,1199000,0.048076923,0.297619048,554.906542056,-0.083704223,0.248257828,"$1,225K",-9.4%,31.0%,0.9,-1.1,-0.4,9,-35.7%,50.0%,11/1/2017,30,11/30/2017,0.133333333,0.083333333,-0.116666667,Multi-Family (2-4 Unit),"Berkeley, CA",place,0.705882353,-0.094117647,-0.044117647,California,CA,1590
Value,,1,0.996425621,-3.9%,-1.9%,Oakland,42,0.0%,13.5%,100,-11.5%,13.6%,42,17,18,156.054279749,-0.176525458,0.274142527,329900,-0.338877756,0.224118738,161.875541982,-0.105417525,0.069365623,$387K,4.0%,6.1%,2.4,-0.3,0,27,-6.9%,-10.0%,12/1/2013,30,12/31/2013,0.2,0.023008850,0.177272727,Multi-Family (2-4 Unit),"Oakland, CA",place,0.5,0,0.094594595,California,CA,13654
Value,,1,0.962025316,-2.0%,-2.6%,Fremont,1,-75.0%,0.0%,4,100.0%,300.0%,182,125,175,375.627459218,0.204201018,0.439050590,1156500,0.563049061,1.466936860,225.118483412,-0.053802519,-0.075797361,$760K,28.5%,2.7%,4,3.5,3,2,100.0%,100.0%,4/1/2013,30,4/30/2013,,,,Multi-Family (2-4 Unit),"Fremont, CA",place,0,-0.25,0,California,CA,6671
Value,,1,1.011587587,-5.0%,-2.8%,Oakland,47,38.2%,30.6%,147,-4.5%,38.7%,40,10,18,164.772727273,-0.109859133,0.186822718,389000,-0.084705882,0.208074534,186.268472906,-0.011796733,0.451856758,$415K,9.9%,28.1%,3.1,-1.4,0.2,69,9.5%,23.2%,10/1/2013,30,10/31/2013,0.204081633,0.074211503,0.062572199,Multi-Family (2-4 Unit),"Oakland, CA",place,0.425531915,-0.133291615,-0.102245863,California,CA,13654
Value,,1,1.122300228,8.4%,6.2%,Alameda,4,33.3%,100.0%,7,-22.2%,0.0%,15,4,-11,496.893788820,0.075922533,0.235584617,958000,-0.125114155,-0.144260831,463.451133233,0.134793203,0.075347197,"$1,113K",11.0%,18.7%,1.8,-1.2,-1.7,3,-72.7%,-25.0%,10/1/2017,30,10/31/2017,0.142857143,-0.079365079,,Multi-Family (2-4 Unit),"Alameda, CA",place,1,0.333333333,0,California,CA,117
Value,,1,1.089895539,3.0%,0.4%,Berkeley,10,42.9%,66.7%,11,-8.3%,-50.0%,19,-8,-12,402.316213494,0.168355946,0.368278450,849000,-0.023014960,0.151186441,335.444455666,-0.240065833,-0.010391521,$840K,-10.2%,-1.4%,1.1,-0.6,-2.6,7,-30.0%,-46.2%,7/1/2015,30,7/31/2015,0.090909091,,-0.045454545,Multi-Family (2-4 Unit),"Berkeley, CA",place,0.7,0.128571429,0.366666667,California,CA,1590
Value,,1,1.074686778,11.4%,-7.9%,Alameda,4,-20.0%,-42.9%,2,-33.3%,-60.0%,17,-10,3,390.059627163,-0.166958083,-0.091244273,1162000,0.167839196,0.139774399,501.938375350,0.227684771,0.109443155,"$1,179K",2.1%,7.2%,0.5,-0.1,-0.2,4,33.3%,0.0%,8/1/2017,30,8/31/2017,,,,Multi-Family (2-4 Unit),"Alameda, CA",place,0.5,0.1,-0.214285714,California,CA,117
Value,,1,1.177235086,2.3%,13.7%,Berkeley,5,25.0%,0.0%,13,44.4%,30.0%,22,8,1,328.399122807,-0.229151165,-0.068006959,749000,-0.315981735,-0.062578223,474.164133739,0.148851682,0.198131811,$860K,-8.5%,36.1%,2.6,0.3,0.6,9,0.0%,28.6%,2/1/2016,30,2/29/2016,0.076923077,-0.034188034,-0.023076923,Multi-Family (2-4 Unit),"Berkeley, CA",place,0.8,0.05,0,California,CA,1590
Value,,1,1.106376536,1.4%,10.6%,Oakland,34,6.3%,70.0%,83,33.9%,20.3%,15,-1,-16,315.729047072,-0.082280903,0.065755891,744500,-0.045512821,0.071223022,332.250212576,-0.007805510,0.322889073,$809K,8.9%,29.4%,2.4,0.5,-1.1,54,38.5%,86.2%,4/1/2018,30,4/30/2018,0.072289157,-0.153517295,-0.072638380,Multi-Family (2-4 Unit),"Oakland, CA",place,0.647058824,-0.071691176,0.347058824,California,CA,13654
Value,,1,1.042824732,-4.7%,-9.9%,Berkeley,5,-37.5%,-16.7%,8,33.3%,-52.9%,14,-16,-9,532.186900734,0.232320220,0.083142623,1052500,-0.223247232,0.137837838,477.508650519,0.256195230,0.133745833,"$1,356K",16.4%,62.4%,1.6,0.8,-1.2,8,14.3%,-11.1%,4/1/2017,30,4/30/2017,,,,Multi-Family (2-4 Unit),"Berkeley, CA",place,0.6,0.1,-0.233333333,California,CA,1590
Value,,1,1.206030151,5.0%,21.3%,Alameda,1,0.0%,-80.0%,5,66.7%,-50.0%,10,-1,-27,376.265991317,0.100776068,0.056281256,895000,-0.054910243,-0.042780749,354.924578527,-0.188420868,-0.039462009,"$1,200K",52.9%,28.9%,5,2,3,9,125.0%,125.0%,9/1/2015,30,9/30/2015,0.2,-0.133333333,0,Multi-Family (2-4 Unit),"Alameda, CA",place,1,0,0.4,California,CA,117
Value,,1,0.981883949,,,San Ramon,1,,,,,,42,,,,,,,,,466.702066590,,,$813K,,,,,,,,,10/1/2016,30,10/31/2016,,,,Multi-Family (2-4 Unit),"San Ramon, CA",place,0,,,California,CA,17519
Value,,1,0.979310345,,,Fremont,1,,,1,,,55,,,,,,,,,468.956406869,,,"$1,420K",,,1,,,,,,7/1/2017,30,7/31/2017,,,,Multi-Family (2-4 Unit),"Fremont, CA",place,0,,,California,CA,6671
Value,,1,1.119097032,2.8%,11.3%,Oakland,29,-32.6%,-37.0%,112,6.7%,-2.6%,19,-1,-24,280.058654072,0.051799849,0.290109533,689000,0.077404222,0.199303742,313.807531381,0.031771576,0.370037759,$650K,2.3%,46.7%,3.9,1.5,1.4,40,-37.5%,-16.7%,7/1/2016,30,7/31/2016,0.116071429,-0.017261905,-0.075232919,Multi-Family (2-4 Unit),"Oakland, CA",place,0.793103448,0.072173216,0.314842579,California,CA,13654
Value,,1,1.086271767,3.8%,5.1%,Berkeley,6,50.0%,20.0%,22,15.8%,-8.3%,31,16,14,294.030950626,-0.376878221,-0.085155265,737500,-0.174594292,0.003401361,338.966836735,-0.267033352,0.005344823,$852K,-9.8%,-11.7%,3.7,-1.1,-1.1,13,116.7%,0.0%,7/1/2014,30,7/31/2014,0.136363636,0.031100478,0.053030303,Multi-Family (2-4 Unit),"Berkeley, CA",place,0.333333333,-0.166666667,-0.266666667,California,CA,1590
Value,,1,1.058820271,8.1%,7.2%,Berkeley,11,57.1%,0.0%,21,-25.0%,-41.7%,27,4,10,246.031186369,-0.173276162,0.138447649,610000,-0.128509179,0.085409253,268.389662028,0.085487078,0.153982031,$505K,-14.8%,-12.0%,1.9,-2.1,-1.4,8,-46.7%,-50.0%,7/1/2012,30,7/31/2012,0.142857143,-0.071428571,-0.162698413,Multi-Family (2-4 Unit),"Berkeley, CA",place,0.727272727,0.155844156,0.454545455,California,CA,1590
Value,,1,1.056120483,6.0%,7.6%,Oakland,36,-10.0%,-39.0%,120,-6.3%,-39.4%,30,5,-25,112.355508248,-0.105996702,0.013436655,248000,-0.096354812,-0.044223914,87.629408932,0.044489203,-0.034231672,$200K,-22.8%,-4.8%,3.3,0.100000000,-0.1,62,3.3%,-21.5%,3/1/2012,30,3/31/2012,0.191666667,0.090104167,-0.020454545,Multi-Family (2-4 Unit),"Oakland, CA",place,0.555555556,0.205555556,0.148775895,California,CA,13654
Value,,1,1.117280404,7.4%,-8.7%,Berkeley,8,60.0%,166.7%,9,12.5%,-30.8%,38,24,13,473.361201342,-0.110535790,-0.004347327,947000,-0.100237530,0.024337480,490.808220236,0.027851997,-0.128681600,"$1,260K",-7.1%,-1.6%,1.1,-0.5,-3.2,8,0.0%,-20.0%,5/1/2017,30,5/31/2017,,,,Multi-Family (2-4 Unit),"Berkeley, CA",place,0.75,0.15,0.083333333,California,CA,1590
Value,,1,1.050630607,2.0%,-1.7%,Oakland,43,13.2%,13.2%,111,1.8%,-8.3%,21,-13,-1,207.467788588,-0.013126195,0.207245944,389000,-0.222,-0.093240093,192.105263158,0.012549538,0.143766511,$480K,-11.9%,37.3%,2.6,-0.3,-0.6,45,-8.2%,-36.6%,6/1/2014,30,6/30/2014,0.189189189,0.033225886,0.040428859,Multi-Family (2-4 Unit),"Oakland, CA",place,0.604651163,0.130966952,-0.026927785,California,CA,13654
Value,,1,0.984615385,,-1.5%,Fremont,1,,-50.0%,,,,294,,181,,,,,,,522.875816993,,0.177985962,"$1,280K",,71.4%,,,,,,,1/1/2018,30,1/31/2018,,,,Multi-Family (2-4 Unit),"Fremont, CA",place,0,,-0.5,California,CA,6671
Value,,1,1.083333333,10.3%,6.6%,Alameda,1,-50.0%,-66.7%,1,-50.0%,-90.0%,20,-209,-6,358.878504673,,0.059486238,749000,,0.080808081,266.284309709,-0.373623339,-0.257913106,"$1,300K",47.0%,83.1%,1,0,-2.3,3,,-50.0%,2/1/2015,30,2/28/2015,,,,Multi-Family (2-4 Unit),"Alameda, CA",place,1,0.5,0.333333333,California,CA,117
Value,,1,0.954924875,,,San Ramon,1,,,,,,2,,,,,,,,,252.204585538,,,$572K,,,,,,,,,8/1/2012,30,8/31/2012,,,,Multi-Family (2-4 Unit),"San Ramon, CA",place,0,,,California,CA,17519
Value,,1,1.059055815,0.8%,5.2%,Alameda,4,-42.9%,0.0%,10,-16.7%,11.1%,17,-1,-17,376.838235294,0.243306288,0.211211378,650000,-0.234393404,-0.037037037,347.792373654,-0.219831307,0.382831402,$840K,15.9%,6.9%,2.5,0.8,0.2,5,-28.6%,-44.4%,7/1/2014,30,7/31/2014,0.2,0.033333333,,Multi-Family (2-4 Unit),"Alameda, CA",place,0.5,-0.071428571,0.25,California,CA,117
Value,,1,0.88,,,Fremont,1,,,5,,,434,,,264.489420423,,,849999,,,246.415770609,,,$550K,,,5,,,3,,,7/1/2012,30,7/31/2012,,,,Multi-Family (2-4 Unit),"Fremont, CA",place,0,,,California,CA,6671
Value,,1,1.265204347,27.8%,17.8%,Alameda,2,100.0%,-33.3%,4,0.0%,-42.9%,10,7,1,475.458579121,0.371959639,0.118726069,1230000,0.202933985,0.283924843,364.998191682,-0.030213665,-0.098886185,"$1,044K",32.2%,16.0%,2,-2,-0.3,2,-50.0%,-60.0%,4/1/2016,30,4/30/2016,,,,Multi-Family (2-4 Unit),"Alameda, CA",place,1,1,0,California,CA,117
Value,,1,1.065141222,0.6%,2.3%,Oakland,35,-25.5%,-20.5%,56,-22.2%,-36.4%,38,4,13,237.250554324,-0.226360739,0.140800560,550000,-0.205202312,0.157894737,281.690140845,-0.052303007,-0.031611176,$630K,-16.0%,10.5%,1.6,0.1,-0.4,19,-36.7%,-9.5%,12/1/2016,30,12/31/2016,0.160714286,0.091269841,0.047077922,Multi-Family (2-4 Unit),"Oakland, CA",place,0.571428571,0.018237082,-0.064935065,California,CA,13654
Value,,1,1.086950970,1.1%,-9.3%,Alameda,3,-25.0%,0.0%,7,16.7%,-30.0%,9,-63,-2,425,0.093151515,0.021401692,958000,0.161212121,0.670444638,405.052264808,-0.000114559,0.143079825,$900K,44.6%,12.8%,2.3,0.8,-1,5,-28.6%,-16.7%,4/1/2015,30,4/30/2015,,,,Multi-Family (2-4 Unit),"Alameda, CA",place,1,0.5,0.333333333,California,CA,117
Value,,1,1.059185605,5.6%,6.1%,Alameda,2,100.0%,-60.0%,16,33.3%,-36.0%,85,78,-14,246.192821854,-0.031006745,0.090682214,564950,-0.098963317,0.198197243,233.752854000,0.045789942,-0.132642471,$783K,13.5%,70.2%,8,-4,3,8,100.0%,100.0%,3/1/2012,30,3/31/2012,0.25,0.083333333,0.01,Multi-Family (2-4 Unit),"Alameda, CA",place,0.5,-0.5,0.3,California,CA,117
Value,,1,1.115021317,3.9%,3.3%,Berkeley,11,120.0%,22.2%,17,112.5%,-10.5%,16,-7,-3,452.213822894,0.255763000,-0.000944738,802000,-0.107897664,0.041558442,391.732283465,0.188729420,0.055026345,$995K,8.7%,24.7%,1.5,-0.1,-0.6,13,85.7%,85.7%,5/1/2015,30,5/31/2015,0.117647059,-0.007352941,-0.145510836,Multi-Family (2-4 Unit),"Berkeley, CA",place,0.636363636,-0.163636364,-0.141414141,California,CA,1590
Value,,1,0.9875,,-8.9%,Alameda,1,,-75.0%,4,,-33.3%,3,,-69,346.554348563,,-0.108620209,1022500,,0.239393939,376.369699857,,-0.070918456,$790K,,26.9%,4,,2.5,4,,-42.9%,3/1/2016,30,3/31/2016,,,,Multi-Family (2-4 Unit),"Alameda, CA",place,0,,-0.5,California,CA,117
Value,,1,1.029041116,5.3%,4.2%,Alameda,6,100.0%,500.0%,7,0.0%,75.0%,102,-4,99,420.258620690,-0.050751907,0.212677384,995000,-0.162810265,-0.026894866,403.988959468,0.222066602,0.073383324,"$1,090K",-1.8%,38.0%,1.2,-1.1,-2.8,7,75.0%,75.0%,3/1/2017,30,3/31/2017,0.142857143,,,Multi-Family (2-4 Unit),"Alameda, CA",place,0.5,0.5,0.5,California,CA,117
Value,,1,1.050138182,-2.5%,11.0%,Berkeley,3,-66.7%,-50.0%,14,27.3%,-36.4%,25,3,-6,270.989536308,,0.041648811,649950,,0.049152542,256.120979357,-0.198136006,-0.002530215,$534K,-28.9%,-12.1%,4.7,3.5,1,12,,-14.3%,3/1/2013,30,3/31/2013,0.142857143,,0.006493506,Multi-Family (2-4 Unit),"Berkeley, CA",place,0.666666667,-0.111111111,0.333333333,California,CA,1590
Value,,1,1.091605260,5.4%,4.9%,Oakland,28,-12.5%,-12.5%,119,0.8%,-7.0%,26,-5,-5,233.494116752,-0.092019842,0.134535624,629000,0.145719490,0.432801822,292.484727659,0.268603174,0.550733220,$623K,24.6%,18.2%,4.3,0.6,0.3,54,-5.3%,1.9%,10/1/2015,30,10/31/2015,0.134453782,0.032758866,-0.045233718,Multi-Family (2-4 Unit),"Oakland, CA",place,0.607142857,0.044642857,0.044642857,California,CA,13654
Value,,1,0.978846154,,,Fremont,1,,,2,,,12,,,370.719178082,,,1299000,,,359.463276836,,,"$1,273K",,,2,,,2,,,1/1/2016,30,1/31/2016,,,,Multi-Family (2-4 Unit),"Fremont, CA",place,0,,,California,CA,6671
Value,,1,1.036380184,0.4%,8.6%,Alameda,6,-14.3%,500.0%,4,0.0%,-69.2%,22,-7,-31,283.957353991,0.171080934,-0.034544996,562000,-0.062386344,0.498666667,224.214956677,-0.158854193,-0.152566316,$514K,-2.1%,3.0%,0.7,0.1,-12.3,2,0.0%,-33.3%,12/1/2012,30,12/31/2012,,,,Multi-Family (2-4 Unit),"Alameda, CA",place,0.666666667,0.095238095,0.666666667,California,CA,117
Value,,1,0.994160713,,-0.9%,Alameda,4,,300.0%,6,,-50.0%,15,,8,288.308115144,,0.134755339,593500,,-0.053429027,243.371956514,,0.088824971,$514K,,-25.6%,1.5,,-10.5,4,,0.0%,2/1/2013,30,2/28/2013,0.166666667,,0,Multi-Family (2-4 Unit),"Alameda, CA",place,0.25,,-0.75,California,CA,117
Value,,1,1.003513317,-11.2%,-10.4%,Berkeley,9,0.0%,350.0%,20,-13.0%,17.6%,17,6,4,338.295204847,-0.010586024,0.388123927,654475,-0.229122497,-0.109557823,309.623430962,-0.144887136,-0.107232961,$740K,-1.3%,-18.2%,2.2,-0.4,-6.3,8,-52.9%,-20.0%,4/1/2014,30,4/30/2014,0.15,-0.067391304,-0.026470588,Multi-Family (2-4 Unit),"Berkeley, CA",place,0.555555556,-0.222222222,-0.444444444,California,CA,1590
Value,,1,1.043099262,-0.1%,3.2%,Oakland,32,0.0%,-31.9%,128,-1.5%,-12.9%,31,6,-9,205.805892548,0.032133845,0.249028865,439000,-0.139215686,0.128534704,188.610603012,-0.108029023,0.012573948,$527K,13.8%,26.9%,4,-0.100000000,0.9,53,-11.7%,-23.2%,10/1/2014,30,10/31/2014,0.1796875,0.071995192,-0.024394133,Multi-Family (2-4 Unit),"Oakland, CA",place,0.5625,0.125,0.136968085,California,CA,13654
Value,,1,1.102617553,9.0%,8.0%,Berkeley,6,50.0%,50.0%,18,-21.7%,-14.3%,25,-67,2,274.005486968,-0.020035514,0.162464160,650000,0.274509804,0.302605210,299.665014513,0.142859926,0.476467154,$552K,-29.3%,7.4%,3,-2.8,-2.3,9,-18.2%,28.6%,11/1/2012,30,11/30/2012,0.055555556,-0.031400966,-0.182539683,Multi-Family (2-4 Unit),"Berkeley, CA",place,0.833333333,0.333333333,0.333333333,California,CA,1590
Value,,1,1.015078570,0.0%,5.5%,Oakland,22,-40.5%,-12.0%,82,-6.8%,-36.4%,32,8,-62,149.047441165,0.216933516,0.585372888,325000,0.205936920,0.416430595,152.734638237,0.008979921,0.978628558,$314K,-14.0%,101.1%,3.7,1.3,-1.5,44,46.7%,-32.3%,1/1/2013,30,1/31/2013,0.109756098,0.087028825,-0.045282662,Multi-Family (2-4 Unit),"Oakland, CA",place,0.454545455,0.049140049,0.134545455,California,CA,13654
Value,,1,1.058748922,11.9%,3.4%,Berkeley,8,33.3%,14.3%,26,18.2%,-10.3%,25,-6,-47,294.985174321,0.133884947,0.175104875,722500,0.166263115,0.174796748,205.032194590,-0.201496810,-0.158842279,$540K,-11.1%,22.6%,3.3,-0.4,-0.8,12,-14.3%,-20.0%,4/1/2012,30,4/30/2012,0.230769231,0.094405594,0.023872679,Multi-Family (2-4 Unit),"Berkeley, CA",place,0.625,0.291666667,0.053571429,California,CA,1590
Value,,1,0.998556878,2.8%,-3.1%,Oakland,31,55.0%,-13.9%,112,10.9%,27.3%,60,-25,35,215.346511520,0.118797253,0.379505453,449475,-0.057704403,0.278733997,145.808019441,-0.179444860,0.023635825,$360K,-6.5%,23.9%,3.6,-1.5,1.2,50,25.0%,-10.7%,3/1/2014,30,3/31/2014,0.116071429,-0.081948373,-0.008928571,Multi-Family (2-4 Unit),"Oakland, CA",place,0.483870968,-0.066129032,-0.016129032,California,CA,13654
Value,,1,1.054998741,-4.0%,-5.0%,Berkeley,11,83.3%,22.2%,18,20.0%,500.0%,15,-5,-1,458.556440552,0.127256011,0.291304119,995000,-0.052380952,0.245306633,450.228631727,0.012638781,0.233176222,"$1,250K",-2.3%,25.0%,1.6,-0.9,1.3,14,0.0%,1300.0%,10/1/2016,30,10/31/2016,0.222222222,0.022222222,,Multi-Family (2-4 Unit),"Berkeley, CA",place,0.636363636,0.136363636,-0.030303030,California,CA,1590
Value,,1,1.059354592,-4.3%,2.9%,Oakland,35,0.0%,-7.9%,122,20.8%,11.9%,21,1,-13,231.095679012,-0.030016275,0.099265933,520000,0.042084168,0.04,220.206264324,-0.059278839,0.160664458,$516K,-13.9%,-5.3%,3.5,0.6,0.6,73,35.2%,49.0%,5/1/2015,30,5/31/2015,0.172131148,0.102824217,0.016167845,Multi-Family (2-4 Unit),"Oakland, CA",place,0.657142857,0,0.183458647,California,CA,13654
Value,,1,0.945494994,,,Fremont,1,,,4,,,34,,,274.979166667,,,659950,,,195.267631518,,,$850K,,,4,,,3,,,9/1/2013,30,9/30/2013,0.25,,,Multi-Family (2-4 Unit),"Fremont, CA",place,0,,,California,CA,6671
Value,,1,1.127220478,1.1%,7.2%,Berkeley,10,42.9%,-9.1%,20,-13.0%,11.1%,15,0,0,525.313680385,-0.006329671,0.145581294,1144000,-0.015913978,0.149748744,605.597620335,0.329286777,0.345089090,"$1,353K",24.1%,8.2%,2,-1.3,0.4,14,-22.2%,0.0%,10/1/2017,30,10/31/2017,0.05,-0.080434783,-0.172222222,Multi-Family (2-4 Unit),"Berkeley, CA",place,0.8,-0.057142857,0.163636364,California,CA,1590
Value,,1,1.260631750,11.9%,13.5%,Berkeley,10,0.0%,42.9%,12,-14.3%,50.0%,13,-3,-15,405.982905983,-0.204355109,-0.186933217,1195000,0.286329386,-0.080769231,655.987544915,0.301499109,0.330586829,"$1,449K",39.3%,31.7%,1.2,-0.2,0.100000000,9,-40.0%,0.0%,8/1/2017,30,8/31/2017,0.166666667,,-0.083333333,Multi-Family (2-4 Unit),"Berkeley, CA",place,0.9,0.1,0.185714286,California,CA,1590
Value,,1,1.043039475,1.1%,-4.7%,Oakland,37,5.7%,32.1%,74,-16.9%,-18.7%,29,1,8,310.710621256,-0.066706544,0.076945824,668500,0.014415781,-0.043633763,310.9375,0.078880814,0.089583676,$700K,-11.4%,5.7%,2,-0.5,-1.3,28,-39.1%,-28.2%,10/1/2017,30,10/31/2017,0.121621622,-0.001973884,-0.054202554,Multi-Family (2-4 Unit),"Oakland, CA",place,0.648648649,0.162934363,-0.029922780,California,CA,13654
Value,,1,1.045318881,1.4%,2.4%,Oakland,34,3.0%,-10.5%,126,10.5%,-12.5%,36,4,14,197.963800905,0.072023706,0.187782805,450000,0,0.2,238.158629579,0.157701633,0.337881125,$520K,2.0%,32.3%,3.7,0.2,-0.100000000,59,5.4%,3.5%,8/1/2014,30,8/31/2014,0.142857143,-0.041353383,-0.002976190,Multi-Family (2-4 Unit),"Oakland, CA",place,0.558823529,0.104278075,0.006191950,California,CA,13654
Value,,1,0.945201651,-4.3%,1.4%,Fremont,2,100.0%,0.0%,1,0.0%,-92.3%,32,25,-72,226.063829787,-0.133936352,0.252753129,425000,-0.093430034,-0.301561216,217.111886704,-0.108667687,-0.136178892,$459K,-38.0%,-30.9%,0.5,-0.5,-6,1,0.0%,-50.0%,5/1/2012,30,5/31/2012,,,,Multi-Family (2-4 Unit),"Fremont, CA",place,0.5,0.5,0.5,California,CA,6671
Value,,1,1.040726540,-7.5%,-22.1%,Berkeley,7,-58.8%,16.7%,8,-46.7%,-33.3%,32,12,18,416.171224732,-0.244143073,0.429544730,1500000,0.251042535,0.622586403,493.421052632,-0.110803324,0.017468611,"$1,200K",-2.0%,-2.5%,1.1,0.2,-0.9,5,-44.4%,150.0%,12/1/2017,30,12/31/2017,0.125,-0.008333333,-0.125,Multi-Family (2-4 Unit),"Berkeley, CA",place,0.571428571,-0.134453782,-0.428571429,California,CA,1590
Value,,1,1.141325029,-0.8%,6.5%,Berkeley,6,50.0%,20.0%,17,41.7%,112.5%,23,7,0,491.335941867,0.167295086,0.364402115,925000,-0.065656566,0.028921023,421.177865833,-0.220531688,0.278083378,$835K,-33.2%,-8.8%,2.8,-0.2,1.2,9,28.6%,28.6%,4/1/2016,30,4/30/2016,0.117647059,0.034313725,-0.007352941,Multi-Family (2-4 Unit),"Berkeley, CA",place,0.833333333,-0.166666667,0.033333333,California,CA,1590
Value,,1,1.026965284,-1.6%,-0.8%,Oakland,37,15.6%,-11.9%,104,-18.8%,-8.0%,26,-5,1,213.550180742,0.037629089,0.126871608,550000,0.252847380,0.102204409,220.955096222,0.171488202,0.221077343,$550K,4.4%,47.7%,2.8,-1.2,0.100000000,31,-41.5%,6.9%,11/1/2014,30,11/30/2014,0.134615385,-0.045072115,-0.042375766,Multi-Family (2-4 Unit),"Oakland, CA",place,0.486486486,-0.076013514,-0.013513514,California,CA,13654
Value,,1,1.009627171,-14.0%,-5.2%,Alameda,2,-50.0%,-33.3%,2,-71.4%,-77.8%,120,104,107,454.075010535,0.119168678,0.133038924,1234000,0.189971070,0.419207257,510.518529252,0.033815403,-0.109655685,"$1,005K",-14.2%,-18.0%,1,-0.8,-2,2,-50.0%,-66.7%,6/1/2017,30,6/30/2017,0.5,,0.388888889,Multi-Family (2-4 Unit),"Alameda, CA",place,1,0,0.333333333,California,CA,117
Value,,1,1.018240731,-4.1%,-3.4%,Alameda,6,50.0%,20.0%,7,-30.0%,-41.7%,39,22,23,362.903225806,-0.036978757,0.069362656,700000,0.076923077,0.130856220,321.234631846,-0.076360909,0.064758957,$798K,-5.1%,30.1%,1.2,-1.3,-1.2,3,-40.0%,-57.1%,8/1/2014,30,8/31/2014,,,,Multi-Family (2-4 Unit),"Alameda, CA",place,0.5,0,-0.3,California,CA,117
Value,,1,1.084144133,4.9%,7.3%,Berkeley,10,100.0%,-9.1%,22,-8.3%,22.2%,15,-2,-66,313.589516632,-0.024300953,0.097352384,685000,-0.068027211,0.216156236,355.075417856,0.053121410,0.668854464,$861K,-10.8%,37.7%,2.2,-2.6,0.6,14,7.7%,133.3%,8/1/2013,30,8/31/2013,0.045454545,-0.037878788,-0.065656566,Multi-Family (2-4 Unit),"Berkeley, CA",place,0.7,0.1,0.336363636,California,CA,1590
Value,,1,1.035383503,2.4%,-2.3%,Oakland,42,-10.6%,13.5%,113,-23.1%,17.7%,25,-15,2,189.507109005,0.150112110,0.297836565,499000,0.282776350,0.429799427,180.950942546,-0.028547667,0.279043844,$373K,-10.2%,12.9%,2.7,-0.4,0.1,29,-58.0%,-17.1%,11/1/2013,30,11/30/2013,0.176991150,-0.027090482,0.041574484,Multi-Family (2-4 Unit),"Oakland, CA",place,0.5,0.074468085,-0.121621622,California,CA,13654
Value,,1,1.012636592,-3.3%,-12.5%,Berkeley,4,-33.3%,-33.3%,23,15.0%,0.0%,92,65,59,279.607568325,-0.099492354,0.565535454,510000,-0.045792600,0.291139241,262.206249113,-0.050637961,0.027294108,$781K,24.5%,35.9%,5.8,2.5,2,11,37.5%,22.2%,10/1/2012,30,10/31/2012,0.086956522,-0.013043478,-0.304347826,Multi-Family (2-4 Unit),"Berkeley, CA",place,0.5,-0.166666667,-0.166666667,California,CA,1590
Value,,1,1.150086361,6.0%,-5.0%,Alameda,4,100.0%,300.0%,7,40.0%,40.0%,16,-2,5,405.725267012,-0.167313157,-0.189888405,1037000,-0.047750230,0.024703557,493.819813221,-0.045268719,0.263534609,"$1,172K",38.1%,-15.1%,1.8,-0.7,-3.2,4,300.0%,0.0%,5/1/2017,30,5/31/2017,,,,Multi-Family (2-4 Unit),"Alameda, CA",place,1,0,0,California,CA,117
Value,,1,1.043860160,4.5%,-4.8%,Berkeley,5,-54.5%,400.0%,19,5.6%,-5.0%,17,-2,2,239.443378119,-0.010556622,0.035911739,599000,0.200400802,0.099082569,283.705140640,-0.020965455,-0.061193898,$585K,-29.3%,-18.2%,3.8,2.2,-16.2,9,80.0%,0.0%,1/1/2013,30,1/31/2013,0.052631579,,-0.097368421,Multi-Family (2-4 Unit),"Berkeley, CA",place,0.8,0.345454545,-0.2,California,CA,1590
Value,,1,1.082146981,5.3%,-2.8%,Oakland,32,-8.6%,10.3%,87,6.1%,-18.7%,17,-24,-1,299.984455946,-0.060131976,0.012173583,739000,-0.014338113,0.137010539,359.995864157,0.162311175,0.090479934,$760K,28.9%,1.3%,2.7,0.4,-1,51,10.9%,27.5%,8/1/2017,30,8/31/2017,0.149425287,-0.082282030,0.009238371,Multi-Family (2-4 Unit),"Oakland, CA",place,0.59375,0.005514706,-0.199353448,California,CA,13654
Value,,1,1.2,-6.5%,3.6%,Alameda,1,-50.0%,-50.0%,5,25.0%,0.0%,11,1,-27,500.826391807,0.053354412,0.319143732,1012000,-0.177235772,0.270558694,390.824129142,0.070756344,-0.110021805,"$1,380K",32.2%,45.6%,5,3,2.5,4,100.0%,100.0%,5/1/2016,30,5/31/2016,,,,Multi-Family (2-4 Unit),"Alameda, CA",place,1,0,0.5,California,CA,117
Value,,1,1.130369056,1.3%,-6.8%,Berkeley,6,-25.0%,-33.3%,13,44.4%,-23.5%,20,-18,6,464.759140179,-0.018172299,0.075831343,1147500,0.211721225,0.043181818,504.388277453,0.027668765,-0.068716687,"$1,355K",7.5%,23.7%,2.2,1.1,0.3,14,75.0%,27.3%,6/1/2017,30,6/30/2017,0.076923077,,-0.158371041,Multi-Family (2-4 Unit),"Berkeley, CA",place,0.666666667,-0.083333333,-0.333333333,California,CA,1590
Value,,1,1.006253718,-4.8%,-2.5%,Oakland,46,21.1%,39.4%,115,-7.3%,0.9%,43,24,11,217.081299628,-0.135517515,0.175549764,574500,0.044545455,0.276666667,229.050279330,-0.040608689,0.113425463,$443K,-22.9%,-13.1%,2.5,-0.8,-1,48,-11.1%,-14.3%,7/1/2015,30,7/31/2015,0.191304348,0.030014025,0.007093822,Multi-Family (2-4 Unit),"Oakland, CA",place,0.478260870,-0.074370709,0.023715415,California,CA,13654
Value,,1,1.063151647,1.4%,3.8%,Oakland,41,2.5%,-2.4%,98,-6.7%,6.5%,19,-3,-6,187.383358110,0.084420763,0.664645614,384500,0.092329545,0.484555985,138.067061144,-0.064858884,0.385907492,$319K,-2.3%,16.8%,2.4,-0.2,0.2,50,-29.6%,42.9%,5/1/2013,30,5/31/2013,0.102040816,0.006802721,-0.147959184,Multi-Family (2-4 Unit),"Oakland, CA",place,0.707317073,0.282317073,0.278745645,California,CA,13654
Value,,1,1.090826227,0.6%,3.7%,Oakland,43,30.3%,13.2%,105,7.1%,-15.3%,20,-1,1,266.266109892,0.001472379,0.060351070,639500,0.015079365,0.162727273,304.144385027,0.204943602,0.273927634,$635K,9.5%,10.5%,2.4,-0.6,-0.9,64,16.4%,18.5%,6/1/2016,30,6/30/2016,0.133333333,0.021088435,-0.027956989,Multi-Family (2-4 Unit),"Oakland, CA",place,0.720930233,0.114869626,0.168298654,California,CA,13654
Value,,1,1.701701702,70.6%,,Fremont,2,100.0%,,3,-25.0%,,60,41,,,,,,,,824.089105339,1.052116969,,"$1,700K",39.3%,,1.5,-2.5,,,,,6/1/2016,30,6/30/2016,0.333333333,0.083333333,,Multi-Family (2-4 Unit),"Fremont, CA",place,1,1,,California,CA,6671
Value,,1,1.164143206,7.7%,16.8%,Alameda,2,-33.3%,0.0%,5,-28.6%,-50.0%,38,29,-71,379.660214177,-0.106681849,0.154514812,796500,-0.168580376,0.266295707,439.138993702,0.084153903,0.269225627,$948K,5.3%,70.0%,2.5,0.2,-2.5,2,-60.0%,-71.4%,5/1/2015,30,5/31/2015,,,,Multi-Family (2-4 Unit),"Alameda, CA",place,0.5,-0.5,0.5,California,CA,117
Value,,1,0.913846154,,,Fremont,1,,,4,,,72,,,206.117623027,,,699450,,,176.575505351,,,$594K,,,4,,,2,,,2/1/2012,30,2/29/2012,,,,Multi-Family (2-4 Unit),"Fremont, CA",place,0,,,California,CA,6671
Value,,1,1.098591549,,10.3%,Fremont,1,,0.0%,4,,0.0%,15,,-4,,,,,,,357.273726640,,-0.110329851,"$1,950K",,59.8%,4,,0,,,,5/1/2017,30,5/31/2017,,,,Multi-Family (2-4 Unit),"Fremont, CA",place,1,,1,California,CA,6671
Value,,1,1.001529295,-5.7%,-4.4%,Berkeley,8,0.0%,14.3%,22,-15.4%,-18.5%,40,15,26,242.673992674,-0.177334952,-0.044866697,599000,-0.170934256,-0.088938743,241.070873180,0.175770828,-0.174795857,$514K,-4.8%,-18.5%,2.8,-0.5,-1.1,9,-25.0%,12.5%,5/1/2012,30,5/31/2012,0.181818182,-0.048951049,0.033670034,Multi-Family (2-4 Unit),"Berkeley, CA",place,0.375,-0.25,-0.339285714,California,CA,1590
Value,,1,1.152297271,10.5%,3.3%,Berkeley,4,-63.6%,-63.6%,17,0.0%,-29.2%,14,-18,-5,331.883786017,-0.010292829,-0.144977365,844250,0.127169559,0.125666667,413.004330582,0.065757207,0.181506060,$923K,16.8%,-10.2%,4.3,2.8,2.1,6,-45.5%,-45.5%,10/1/2014,30,10/31/2014,0.117647059,0,-0.090686275,Multi-Family (2-4 Unit),"Berkeley, CA",place,0.75,0.295454545,-0.068181818,California,CA,1590
Value,,1,1.076325034,-7.0%,7.3%,Berkeley,5,0.0%,-44.4%,8,-20.0%,-60.0%,23,8,6,360.110803324,0.019695300,0.064486869,899000,0.074074074,0.373620077,329.538645896,-0.181468525,0.064320762,$915K,-16.8%,23.6%,1.6,-0.4,-0.6,7,-30.0%,-12.5%,4/1/2015,30,4/30/2015,0.125,-0.075,-0.025,Multi-Family (2-4 Unit),"Berkeley, CA",place,0.8,0,0.244444444,California,CA,1590
Value,,1,1.008841800,-0.6%,1.3%,Oakland,35,59.1%,-12.5%,92,12.2%,-28.1%,33,1,8,152.172208850,0.020964920,0.210821425,319400,-0.017230769,0.163807553,137.291280148,-0.101112349,0.636428473,$340K,8.4%,31.3%,2.6,-1.1,-0.6,48,9.1%,-20.0%,2/1/2013,30,2/28/2013,0.097826087,-0.011930011,-0.003736413,Multi-Family (2-4 Unit),"Oakland, CA",place,0.4,-0.054545455,0.05,California,CA,13654
Value,,1,0.970819879,-1.3%,-3.8%,Oakland,20,-37.5%,-42.9%,101,0.0%,9.8%,85,39,52,192.480371989,-0.000668870,0.264885181,477000,0.207594937,0.493425172,177.694358687,0.034523478,0.294287288,$385K,11.6%,13.2%,5.1,1.9,2.5,40,2.6%,-16.7%,2/1/2014,30,2/28/2014,0.198019802,0.019801980,0.100193715,Multi-Family (2-4 Unit),"Oakland, CA",place,0.55,0.1125,0.15,California,CA,13654
Value,,1,,,,Fremont,1,,,1,,,537,,,,,,,,,42.033817576,,,$177K,,,1,,,,,,9/1/2017,30,9/30/2017,,,,Multi-Family (2-4 Unit),"Fremont, CA",place,0,,,California,CA,6671
Value,,1,1.046697798,2.3%,-1.8%,Oakland,21,-32.3%,-40.0%,47,-31.9%,-16.1%,32,12,-6,302.662158384,-0.051929724,0.275706854,699500,-0.124530663,0.271818182,378.131021195,0.204110971,0.342365125,$700K,-2.1%,11.1%,2.2,0,0.6,26,-3.7%,36.8%,12/1/2017,30,12/31/2017,0.042553191,-0.131359852,-0.118161094,Multi-Family (2-4 Unit),"Oakland, CA",place,0.714285714,0.165898618,0.142857143,California,CA,13654
Value,,1,0.952797203,3.4%,,San Ramon,1,0.0%,,,,,80,41,,,,,,,,282.969885774,0.005535055,,$545K,0.6%,,,,,,,,10/1/2013,30,10/31/2013,,,,Multi-Family (2-4 Unit),"San Ramon, CA",place,0,0,,California,CA,17519
Value,,1,0.952797203,3.4%,,Dublin,1,0.0%,,,,,80,41,,,,,,,,282.969885774,0.005535055,,$545K,0.6%,,,,,,,,10/1/2013,30,10/31/2013,,,,Multi-Family (2-4 Unit),"Dublin, CA",place,0,0,,California,CA,5159
Value,,1,1.042012047,1.2%,0.5%,Oakland,44,63.0%,-13.7%,88,-23.5%,18.9%,25,-2,-5,207.968476357,-0.148920830,-0.018503193,475000,-0.095238095,-0.072265625,290.885369376,0.175832409,0.319724545,$570K,8.6%,10.6%,2,-2.3,0.5,21,-47.5%,5.0%,12/1/2015,30,12/31/2015,0.113636364,0.017984190,-0.048525799,Multi-Family (2-4 Unit),"Oakland, CA",place,0.636363636,-0.030303030,0.106951872,California,CA,13654
Value,,1,1.043364616,6.2%,0.0%,Berkeley,7,-12.5%,40.0%,15,15.4%,-21.1%,39,-4,22,310.940775328,-0.129988749,0.298598348,584475,-0.024248748,-0.024248748,377.747252747,0.258563024,0.331478351,$645K,8.4%,10.3%,2.1,0.5,-1.7,6,20.0%,-33.3%,1/1/2014,30,1/31/2014,,,,Multi-Family (2-4 Unit),"Berkeley, CA",place,0.428571429,-0.071428571,-0.371428571,California,CA,1590
Value,,1,1.033433718,-22.9%,-12.1%,Berkeley,4,-33.3%,0.0%,11,-8.3%,22.2%,26,12,12,382.283349225,0.313140157,-0.102669119,1147500,0.241278598,0.047945205,390.636407489,-0.194480493,-0.053527541,$966K,-21.5%,2.8%,2.8,0.8,0.5,6,200.0%,-33.3%,1/1/2017,30,1/31/2017,0.181818182,-0.068181818,0.070707071,Multi-Family (2-4 Unit),"Berkeley, CA",place,0.5,-0.5,-0.25,California,CA,1590
Value,,1,0.949152542,,-0.6%,San Ramon,2,,100.0%,2,,,32,,30,,,,,,,290.758047767,,0.152865826,$560K,,-2.1%,1,,,,,,8/1/2013,30,8/31/2013,1,,,Multi-Family (2-4 Unit),"San Ramon, CA",place,0,,0,California,CA,17519
Value,,1,1.231463122,20.6%,11.4%,Berkeley,5,-16.7%,-37.5%,15,15.4%,66.7%,16,-2,-22,458.733205374,-0.233775949,-0.030902397,1150000,-0.049586777,0.214361140,581.691036236,0.015366506,0.185169710,"$1,613K",46.1%,28.0%,3,0.8,1.9,11,10.0%,37.5%,5/1/2018,30,5/31/2018,0.266666667,-0.117948718,,Multi-Family (2-4 Unit),"Berkeley, CA",place,1,0.666666667,0.25,California,CA,1590
Value,,1,1.021385374,-6.9%,2.7%,Oakland,38,-9.5%,0.0%,144,2.1%,44.0%,22,2,-31,166.666666667,-0.158742138,0.304027936,375000,-0.233128834,0.153846154,178.011801697,-0.009109756,0.512252639,$393K,-4.1%,55.6%,3.8,0.4,1.2,57,-25.0%,-8.1%,8/1/2013,30,8/31/2013,0.145833333,0.018173759,0.045833333,Multi-Family (2-4 Unit),"Oakland, CA",place,0.552631579,-0.137844612,0.184210526,California,CA,13654
Value,,1,1.007278094,-3.7%,2.7%,Alameda,4,-20.0%,33.3%,9,28.6%,-18.2%,34,18,-7,311.125078567,0.217512182,0.188904164,675000,0.217312894,0.177098374,251.507431157,0.187868252,-0.097553754,$786K,15.1%,39.1%,2.3,0.9,-1.4,9,350.0%,200.0%,7/1/2013,30,7/31/2013,,,,Multi-Family (2-4 Unit),"Alameda, CA",place,0.25,-0.35,0.25,California,CA,117
Value,,1,1.014637904,1.3%,1.6%,Alameda,2,100.0%,-66.7%,9,28.6%,-30.8%,21,-13,-10,347.835136133,0.266285531,0.560555049,823500,0.178111588,0.801969365,227.876604892,0.297384423,0.019069701,$659K,50.7%,15.4%,4.5,-2.5,2.3,4,-42.9%,0.0%,4/1/2013,30,4/30/2013,,,,Multi-Family (2-4 Unit),"Alameda, CA",place,1,0,0.666666667,California,CA,117
Value,,1,1.146109717,10.6%,3.0%,Berkeley,5,0.0%,-44.4%,10,0.0%,-56.5%,15,-6,4,353.155303659,0.002250806,0.032875394,837000,0.047559449,-0.014134276,402.597402597,0.017294900,0.111886839,"$1,100K",74.1%,46.7%,2,0,-0.6,10,42.9%,-41.2%,3/1/2015,30,3/31/2015,0.2,0.1,-0.017391304,Multi-Family (2-4 Unit),"Berkeley, CA",place,0.8,0,0.022222222,California,CA,1590
Value,,1,1.038016043,-3.7%,2.8%,Alameda,3,-25.0%,50.0%,9,350.0%,80.0%,11,-6,-24,461.830451286,0.183999622,0.083468900,1095000,-0.057659208,0.158730159,408.401400233,-0.186351512,0.098199017,"$1,002K",-15.0%,5.3%,3,2.5,0.5,11,175.0%,266.7%,9/1/2017,30,9/30/2017,0.222222222,,0.022222222,Multi-Family (2-4 Unit),"Alameda, CA",place,0.666666667,0.166666667,0.166666667,California,CA,117
Value,,1,0.999114059,-10.4%,-0.4%,Berkeley,11,83.3%,83.3%,18,0.0%,-14.3%,19,-6,5,241.998060136,-0.116813087,-0.131061146,499000,-0.232307692,-0.284587814,289.780521262,-0.032985143,0.157428203,$828K,50.0%,33.0%,1.6,-1.4,-1.9,5,-44.4%,-16.7%,12/1/2012,30,12/31/2012,,,,Multi-Family (2-4 Unit),"Berkeley, CA",place,0.454545455,-0.378787879,-0.045454545,California,CA,1590
Value,,1,0.969540960,1.9%,-7.6%,Alameda,4,300.0%,0.0%,13,0.0%,-53.6%,47,-6,18,231.889886431,-0.211574386,0.075969073,574000,0.530666667,-0.040133779,196.089992840,-0.258866280,-0.108415875,$530K,6.2%,-6.2%,3.3,-9.7,-3.7,4,33.3%,-42.9%,1/1/2012,30,1/31/2012,0.538461538,0.230769231,0.252747253,Multi-Family (2-4 Unit),"Alameda, CA",place,0,0,-0.75,California,CA,117
Value,,1,1.126110815,-11.1%,6.2%,Berkeley,7,0.0%,75.0%,8,-33.3%,-20.0%,28,11,8,499.322951930,0.436602259,0.418207108,1300000,0.244019139,0.334017445,493.006191241,0.123586442,0.515995354,"$1,100K",-12.0%,32.9%,1.1,-0.6,-1.4,9,50.0%,50.0%,8/1/2016,30,8/31/2016,0.25,-0.166666667,,Multi-Family (2-4 Unit),"Berkeley, CA",place,0.714285714,-0.142857143,-0.035714286,California,CA,1590
Value,,1,0.940132639,-7.6%,-3.8%,Berkeley,6,50.0%,50.0%,22,-18.5%,-4.3%,31,-16,2,260.154414233,0.144492020,0.075851803,619500,0.3125,0.241482966,256.770664360,0.426729462,0.114261451,$607K,19.1%,3.9%,3.7,-3.1,-2.1,14,40.0%,27.3%,3/1/2012,30,3/31/2012,0.136363636,-0.085858586,-0.167984190,Multi-Family (2-4 Unit),"Berkeley, CA",place,0.333333333,-0.416666667,0.333333333,California,CA,1590
Value,,1,1.010972427,-4.8%,5.4%,Berkeley,11,0.0%,37.5%,18,-14.3%,-30.8%,81,54,54,285.769203517,0.161516179,0.322177977,563250,-0.076639344,0.074904580,212.765957447,-0.207249803,-0.159456071,$625K,23.8%,16.7%,1.6,-0.3,-1.7,6,-25.0%,50.0%,8/1/2012,30,8/31/2012,0.111111111,-0.031746032,-0.119658120,Multi-Family (2-4 Unit),"Berkeley, CA",place,0.363636364,-0.363636364,0.113636364,California,CA,1590
Value,,1,1.009672801,-9.8%,0.8%,Berkeley,10,400.0%,25.0%,19,11.8%,-13.6%,36,23,-4,370.344605353,0.519631968,0.526099279,799500,0.087755102,0.334724541,247.954824237,-0.285047990,0.028555715,$711K,-21.5%,38.4%,1.9,-6.6,-0.9,10,0.0%,11.1%,5/1/2013,30,5/31/2013,0.210526316,0.034055728,0.028708134,Multi-Family (2-4 Unit),"Berkeley, CA",place,0.5,-0.5,0.125,California,CA,1590
Value,,1,0.975659172,-2.4%,-5.7%,Alameda,4,33.3%,-42.9%,7,-12.5%,75.0%,49,11,20,363.303892821,0.390155186,0.498317462,599250,-0.171734623,-0.000240243,283.866228152,0.270340579,0.064928456,$609K,-20.0%,16.0%,1.8,-0.9,1.2,4,0.0%,100.0%,11/1/2013,30,11/30/2013,0.142857143,0.017857143,-0.107142857,Multi-Family (2-4 Unit),"Alameda, CA",place,0.25,-0.083333333,-0.321428571,California,CA,117
Value,,1,1.091371926,2.6%,5.3%,Oakland,20,-42.9%,-13.0%,54,-3.6%,-33.3%,24,-14,-32,301.375,0.270281542,0.180519454,647475,0.177227273,0.151066667,249.884928334,-0.112908504,0.038678317,$768K,21.8%,44.8%,2.7,1.1,-0.8,30,57.9%,-11.8%,1/1/2017,30,1/31/2017,0.055555556,-0.105158730,-0.006172840,Multi-Family (2-4 Unit),"Oakland, CA",place,0.7,0.128571429,0.178260870,California,CA,13654
Value,,1,1.005680707,1.3%,0.6%,Alameda,1,-80.0%,-66.7%,11,10.0%,37.5%,7,-30,-31,347.171571142,-0.025394717,0.328426063,879000,-0.059893048,0.214927436,215.887404580,-0.415740508,-0.033874046,$905K,-2.8%,18.9%,11,9,8.3,6,50.0%,50.0%,10/1/2014,30,10/31/2014,0.181818182,-0.018181818,0.056818182,Multi-Family (2-4 Unit),"Alameda, CA",place,1,0.4,0.666666667,California,CA,117
Value,,1,1.035554591,-3.0%,-2.3%,Berkeley,5,-50.0%,-54.5%,24,9.1%,14.3%,17,0,-10,321.399839099,-0.031727596,0.306337801,735000,-0.124478856,0.204918033,337.164750958,0.320976331,0.256250887,$965K,32.4%,91.1%,4.8,2.6,2.9,13,8.3%,62.5%,7/1/2013,30,7/31/2013,0.083333333,0.037878788,-0.059523810,Multi-Family (2-4 Unit),"Berkeley, CA",place,0.6,0,-0.127272727,California,CA,1590
Value,,1,1.002906977,3.3%,,Alameda,1,-75.0%,,12,-7.7%,,7,-40,,254.070728152,0.095652476,,627000,0.092334495,,223.517978620,0.139874480,,$690K,30.2%,,12,8.7,,4,0.0%,,2/1/2012,30,2/29/2012,0.166666667,-0.371794872,,Multi-Family (2-4 Unit),"Alameda, CA",place,1,1,,California,CA,117
Value,,1,1.073127564,3.2%,4.0%,Berkeley,5,-28.6%,25.0%,12,50.0%,9.1%,23,-9,-3,566.706021251,0.361713611,0.482424025,1262000,-0.158666667,0.099782135,583.819849875,0.183208229,0.494535171,$997K,-16.9%,3.2%,2.4,1.3,-0.4,6,20.0%,0.0%,1/1/2018,30,1/31/2018,,,,Multi-Family (2-4 Unit),"Berkeley, CA",place,0.6,0.028571429,0.1,California,CA,1590
Value,,1,1.089777284,5.4%,-0.2%,Oakland,28,-31.7%,0.0%,91,-11.7%,-23.5%,21,-9,-5,288.510911425,-0.062172968,0.235623901,699000,-0.001392907,0.111287758,285.372759139,0.142204468,-0.024315692,$663K,-2.9%,6.4%,3.3,0.8,-1,39,-18.8%,-27.8%,10/1/2016,30,10/31/2016,0.175824176,0.049610584,0.041370394,Multi-Family (2-4 Unit),"Oakland, CA",place,0.678571429,0.093205575,0.071428571,California,CA,13654
Value,,1,1.041622405,-5.0%,-1.6%,Oakland,20,0.0%,-33.3%,58,7.4%,-29.3%,43,19,11,294.972959685,-0.021242772,0.231078444,650000,0.003899764,0.095301326,307.879032455,0.232083241,0.315238910,$658K,-14.3%,15.9%,2.9,0.2,0.2,37,23.3%,-19.6%,2/1/2017,30,2/28/2017,0.137931034,0.082375479,0.064760303,Multi-Family (2-4 Unit),"Oakland, CA",place,0.55,-0.15,0.05,California,CA,13654
Value,,1,1.051612903,5.6%,13.3%,Alameda,1,-83.3%,-83.3%,8,-27.3%,-55.6%,23,3,-31,289.779326365,0.502110811,0.183549934,499000,0.112962331,-0.066329872,144.215881442,-0.331935885,-0.167771468,$652K,4.5%,42.8%,8,6.2,5,3,-57.1%,-70.0%,9/1/2012,30,9/30/2012,0.375,-0.261363636,0.041666667,Multi-Family (2-4 Unit),"Alameda, CA",place,1,0.5,0.833333333,California,CA,117
Value,,1,0.981664349,-3.4%,-1.7%,Berkeley,8,-20.0%,-27.3%,13,-23.5%,-27.8%,43,11,24,357.398568019,0.477923628,0.476865425,599000,0,0.200400802,300.141705630,-0.224726411,0.035755282,$595K,-21.7%,-28.1%,1.6,-0.100000000,0,5,66.7%,0.0%,12/1/2013,30,12/31/2013,0.076923077,-0.099547511,,Multi-Family (2-4 Unit),"Berkeley, CA",place,0.5,0.1,0.045454545,California,CA,1590
Value,,1,1.290369989,35.9%,30.9%,Berkeley,7,75.0%,-12.5%,12,-20.0%,-7.7%,13,-95,-30,453.365935760,0.425132369,0.268516375,847000,0.060075094,0.414023372,391.134289439,0.542510909,0.303165412,"$1,183K",107.8%,98.7%,1.7,-2.1,0.100000000,4,-42.9%,-20.0%,12/1/2014,30,12/31/2014,0.166666667,0.1,0.089743590,Multi-Family (2-4 Unit),"Berkeley, CA",place,0.857142857,0.857142857,0.357142857,California,CA,1590
Value,,1,1.090030612,5.8%,-5.9%,Berkeley,8,300.0%,100.0%,6,-33.3%,-50.0%,30,-27,14,431.857638889,0.035407194,0.025989057,1355000,0.260494430,0.368686869,380.122961206,-0.144039234,-0.296511458,"$1,165K",7.0%,-6.8%,0.8,-3.7,-2.2,7,75.0%,0.0%,3/1/2017,30,3/31/2017,,,,Multi-Family (2-4 Unit),"Berkeley, CA",place,0.5,0,-0.5,California,CA,1590
Value,,1,0.978786491,-10.7%,-10.5%,Berkeley,6,0.0%,-40.0%,14,-36.4%,-36.4%,25,-6,10,337.388521377,0.147459207,0.075892221,837500,0.135593220,0.222627737,390.382174732,0.151682502,0.099434529,$793K,-7.0%,-7.9%,2.3,-1.4,0.100000000,4,-69.2%,-71.4%,8/1/2014,30,8/31/2014,0.071428571,-0.064935065,0.025974026,Multi-Family (2-4 Unit),"Berkeley, CA",place,0.333333333,0,-0.366666667,California,CA,1590
Value,,1,1.052383138,4.9%,-3.8%,Berkeley,3,-50.0%,-62.5%,12,-7.7%,100.0%,17,-40,-13,606.382978723,0.132206110,0.404127018,1295000,0.151111111,-0.044280443,535.798816568,0.120754780,0.409540784,"$1,700K",50.1%,45.9%,4,1.8,3.2,5,-50.0%,-28.6%,3/1/2018,30,3/31/2018,0.083333333,0.006410256,,Multi-Family (2-4 Unit),"Berkeley, CA",place,0.666666667,0.333333333,0.166666667,California,CA,1590
Value,,1,1.237189749,3.9%,14.7%,Berkeley,7,-22.2%,-30.0%,12,-29.4%,9.1%,17,3,-2,347.572161230,-0.195434812,-0.136072200,1045000,-0.05,0.230859835,438.779049601,-0.189855068,0.308052771,"$1,250K",14.2%,48.8%,1.7,-0.2,0.6,6,-45.5%,-14.3%,7/1/2016,30,7/31/2016,0.416666667,0.181372549,0.325757576,Multi-Family (2-4 Unit),"Berkeley, CA",place,0.857142857,-0.142857143,0.157142857,California,CA,1590
Value,,1,1.141228280,1.1%,-9.6%,Berkeley,10,66.7%,42.9%,14,7.7%,16.7%,16,-4,-1,510.256410256,0.097894299,0.468058916,929000,-0.190413943,-0.111004785,504.024582547,-0.000721061,0.148697922,"$1,040K",-23.2%,-16.8%,1.4,-0.8,-0.3,15,7.1%,150.0%,7/1/2017,30,7/31/2017,,,,Multi-Family (2-4 Unit),"Berkeley, CA",place,0.8,0.133333333,-0.057142857,California,CA,1590
Value,,1,0.918644068,-3.1%,,San Ramon,1,-50.0%,,1,-50.0%,,39,7,,,,,,,,281.412253375,-0.032142857,,$542K,-3.2%,,1,0,,,,,9/1/2013,30,9/30/2013,,,,Multi-Family (2-4 Unit),"San Ramon, CA",place,0,0,,California,CA,17519
Value,,1,1.062580645,,,Dublin,1,,,,,,4,,,,,,,,,321.428571429,,,$824K,,,,,,,,,4/1/2017,30,4/30/2017,,,,Multi-Family (2-4 Unit),"Dublin, CA",place,1,,,California,CA,5159
Value,,1,1.102801541,8.5%,7.3%,Oakland,35,75.0%,29.6%,101,12.2%,-10.6%,20,-5,-5,238.246965487,0.099199698,0.205538967,499000,0,0,234.082397004,0.178531685,0.081715195,$599K,31.8%,14.1%,2.9,-1.6,-1.3,54,20.0%,-12.9%,4/1/2015,30,4/30/2015,0.069306931,-0.019581958,-0.116533777,Multi-Family (2-4 Unit),"Oakland, CA",place,0.657142857,0.207142857,0.101587302,California,CA,13654
Value,,1,1.049031616,2.0%,0.6%,Oakland,40,11.1%,-14.9%,105,19.3%,-0.9%,22,-3,-15,172.795804423,0.106926473,0.319942523,352000,0.001422475,0.268925739,147.643022851,0.036518348,0.601106559,$327K,12.4%,48.4%,2.6,0.2,0.3,71,26.8%,61.4%,4/1/2013,30,4/30/2013,0.095238095,-0.029761905,-0.093441150,Multi-Family (2-4 Unit),"Oakland, CA",place,0.425,-0.075,0.020744681,California,CA,13654
Value,,1,1.029913916,3.1%,-1.9%,Oakland,27,-12.9%,-32.5%,113,0.9%,7.6%,25,-35,3,197.626930427,-0.082284041,0.143702135,499000,0.110184104,0.417613636,216.399286988,0.484138443,0.465692606,$525K,45.8%,60.8%,4.2,0.6,1.6,62,24.0%,-12.7%,4/1/2014,30,4/30/2014,0.185840708,0.069769279,0.090602613,Multi-Family (2-4 Unit),"Oakland, CA",place,0.555555556,0.071684588,0.130555556,California,CA,13654
Value,,1,1.116302538,-14.4%,2.1%,Berkeley,7,-30.0%,16.7%,23,91.7%,53.3%,15,2,-5,528.659923758,0.302172865,0.299589373,1162500,-0.027196653,0.107142857,455.580865604,-0.305503787,0.024676842,"$1,090K",-24.8%,-14.8%,3.3,2.1,0.8,18,100.0%,28.6%,9/1/2017,30,9/30/2017,0.130434783,-0.036231884,-0.069565217,Multi-Family (2-4 Unit),"Berkeley, CA",place,0.857142857,-0.042857143,0.357142857,California,CA,1590
Value,,1,0.995918367,,,Fremont,1,,,4,,,19,,,384.187082405,,,690000,,,401.579986833,,,"$1,220K",,,4,,,1,,,5/1/2016,30,5/31/2016,0.25,,,Multi-Family (2-4 Unit),"Fremont, CA",place,0,,,California,CA,6671
Value,,1,0.952797203,,,San Ramon,1,,,,,,113,,,,,,,,,282.969885774,,,$545K,,,,,,,,,1/1/2014,30,1/31/2014,,,,Multi-Family (2-4 Unit),"San Ramon, CA",place,0,,,California,CA,17519
Value,,1,0.929235168,,-8.0%,Fremont,1,,0.0%,1,,0.0%,13,,0,581.081081081,,,2150000,,,367.231638418,,0.059792510,"$1,300K",,84.3%,1,,0,1,,,12/1/2014,30,12/31/2014,,,,Multi-Family (2-4 Unit),"Fremont, CA",place,0,,-1,California,CA,6671
Value,,1,1.043857761,0.6%,4.5%,Alameda,5,0.0%,0.0%,7,-46.2%,-50.0%,16,0,-114,255.541655447,-0.128799525,-0.090838702,554500,-0.145608629,-0.145608629,211.730072464,-0.352490942,0.065990338,$683K,11.1%,5.6%,1.4,-1.2,-1.4,2,-77.8%,-71.4%,6/1/2013,30,6/30/2013,,,,Multi-Family (2-4 Unit),"Alameda, CA",place,0.6,-0.2,0.4,California,CA,117
Value,,1,1.154221012,8.4%,20.5%,Berkeley,4,100.0%,33.3%,9,125.0%,-25.0%,14,-82,-81,426.022727273,0.066137524,0.267261197,1095000,0.184424013,0.336996337,412.728763219,0.187827297,0.278649894,$940K,-18.7%,62.1%,2.3,0.3,-1.7,9,125.0%,28.6%,1/1/2016,30,1/31/2016,0.111111111,-0.388888889,0.027777778,Multi-Family (2-4 Unit),"Berkeley, CA",place,0.75,0.25,0.416666667,California,CA,1590
Value,,1,1.091603053,8.8%,15.7%,Berkeley,1,-83.3%,-90.9%,20,-4.8%,-13.0%,15,1,-68,231.142643764,-0.170039529,-0.283416911,545000,-0.218637993,-0.033687943,302.197802198,0.207024743,0.388476388,$715K,14.9%,58.9%,20,16.5,17.9,9,50.0%,12.5%,1/1/2012,30,1/31/2012,0.15,0.007142857,-0.067391304,Multi-Family (2-4 Unit),"Berkeley, CA",place,1,0.5,0.909090909,California,CA,1590
Value,,1,1.092127832,0.3%,1.3%,Oakland,32,52.4%,10.3%,62,-15.1%,-11.4%,16,-3,-9,344.036697248,0.025796892,0.157892498,780000,-0.024085080,0.04,334.863996788,0.109921938,0.129487211,$743K,6.1%,6.1%,1.9,-1.6,-0.5,39,-18.8%,-4.9%,3/1/2018,30,3/31/2018,0.225806452,0.088820150,0.140092166,Multi-Family (2-4 Unit),"Oakland, CA",place,0.71875,0.004464286,0.201508621,California,CA,13654
Value,,1,1.095466389,-3.1%,-12.8%,Berkeley,6,-14.3%,50.0%,15,87.5%,150.0%,20,-8,-2,406.789971454,-0.185316898,-0.081650621,1050000,-0.192307692,0.166666667,444.609311964,-0.098166879,0.000307222,"$1,280K",16.4%,5.6%,2.5,1.4,1,14,55.6%,55.6%,9/1/2016,30,9/30/2016,0.2,-0.05,-0.133333333,Multi-Family (2-4 Unit),"Berkeley, CA",place,0.5,-0.214285714,-0.5,California,CA,1590
Value,,1,1.030170710,0.0%,-3.3%,Oakland,38,40.7%,-7.3%,109,-3.5%,11.2%,34,9,15,210.227272727,0.063758225,0.121910050,500000,0.002004008,0.300390117,189.724310777,-0.123267394,0.374146079,$545K,3.8%,70.8%,2.9,-1.3,0.5,49,-21.0%,-2.0%,5/1/2014,30,5/31/2014,0.155963303,-0.029877405,0.053922486,Multi-Family (2-4 Unit),"Oakland, CA",place,0.473684211,-0.081871345,-0.233632863,California,CA,13654
Value,,1,0.892962963,,,Fremont,1,,,6,,,83,,,244.082840237,,,495000,,,345.613532110,,,"$1,206K",,,6,,,2,,,10/1/2012,30,10/31/2012,,,,Multi-Family (2-4 Unit),"Fremont, CA",place,0,,,California,CA,6671
Value,,1,0.987983979,4.6%,,Fremont,1,-66.7%,,1,-50.0%,,7,-101,,261.024498886,0.058734883,,468800,-0.374098798,,243.581303489,0.370550801,,$740K,26.5%,,1,0.3,,1,0.0%,,4/1/2012,30,4/30/2012,,,,Multi-Family (2-4 Unit),"Fremont, CA",place,0,0,,California,CA,6671
Value,,1,1.062580645,,6.0%,San Ramon,1,,0.0%,,,,4,,-149,,,,,,,321.428571429,,-0.189766839,$824K,,6.7%,,,,,,,4/1/2017,30,4/30/2017,,,,Multi-Family (2-4 Unit),"San Ramon, CA",place,1,,0,California,CA,17519
Value,,1,0.949446836,-34.1%,-9.4%,Berkeley,3,-57.1%,-57.1%,12,0.0%,-20.0%,95,82,56,336.175942549,-0.258488748,0.081157472,819000,-0.033057851,0.401257539,322.784810127,-0.174746835,-0.145500575,$580K,-51.0%,-10.1%,4,2.3,1.9,7,75.0%,16.7%,1/1/2015,30,1/31/2015,0.083333333,-0.083333333,,Multi-Family (2-4 Unit),"Berkeley, CA",place,0.333333333,-0.523809524,-0.095238095,California,CA,1590
Value,,1,1.005117800,,0.5%,Fremont,3,,200.0%,2,,-71.4%,22,,13,795.454545455,,2.117388986,875000,,-0.221876390,291.666666667,,0.102753623,$700K,,-39.1%,0.7,,-6.3,1,,-50.0%,11/1/2013,30,11/30/2013,,,,Multi-Family (2-4 Unit),"Fremont, CA",place,0.666666667,,0.666666667,California,CA,6671
Value,,1,1.03,-3.0%,-12.3%,Alameda,2,0.0%,-33.3%,9,28.6%,200.0%,82,56,64,353.461344113,-0.121076960,,1200000,0.071907101,,342.612790096,-0.205034410,-0.245937538,"$1,080K",15.2%,-0.9%,4.5,1,3.5,5,25.0%,,11/1/2016,30,11/30/2016,0.111111111,,,Multi-Family (2-4 Unit),"Alameda, CA",place,0.5,-0.5,-0.5,California,CA,117
Value,,1,1.081558306,7.8%,7.2%,Berkeley,9,0.0%,-10.0%,19,-5.0%,0.0%,19,2,-17,452.641450453,0.338007291,0.222216940,770000,0.176515528,-0.036898061,371.300949190,0.199201714,0.497454023,$798K,7.8%,12.3%,2.1,-0.1,0.2,7,-12.5%,-30.0%,5/1/2014,30,5/31/2014,0.263157895,0.113157895,0.052631579,Multi-Family (2-4 Unit),"Berkeley, CA",place,0.777777778,0.222222222,0.277777778,California,CA,1590
Value,,1,1.048750941,-3.3%,-1.7%,Berkeley,4,-55.6%,-60.0%,19,0.0%,-13.6%,15,-4,-2,471.867555779,0.042475353,0.421582332,893500,0.160389610,0.064324002,462.458745875,0.245509194,0.811865136,$945K,18.4%,29.6%,4.8,2.7,2.6,6,-14.3%,-50.0%,6/1/2014,30,6/30/2014,0.105263158,-0.157894737,0.059808612,Multi-Family (2-4 Unit),"Berkeley, CA",place,0.5,-0.277777778,-0.1,California,CA,1590
Value,,1,0.949152542,,-0.6%,Dublin,2,,100.0%,2,,,32,,30,,,,,,,290.758047767,,0.152865826,$560K,,-2.1%,1,,,,,,8/1/2013,30,8/31/2013,1,,,Multi-Family (2-4 Unit),"Dublin, CA",place,0,,0,California,CA,5159
Value,,1,1.030195363,-6.1%,0.3%,Oakland,27,-3.6%,-27.0%,115,-3.4%,10.6%,27,1,1,244.358555194,0.046529817,0.144267611,525000,-0.165341812,-0.045454545,247.386759582,-0.154189138,0.119624593,$525K,-15.7%,-4.5%,4.3,0,1.5,40,-25.9%,29.0%,11/1/2015,30,11/30/2015,0.095652174,-0.038801608,-0.038963211,Multi-Family (2-4 Unit),"Oakland, CA",place,0.666666667,0.059523810,0.180180180,California,CA,13654
Value,,1,1.011179227,-0.6%,1.0%,Alameda,7,133.3%,600.0%,8,-20.0%,14.3%,15,-11,-19,286.560364465,-0.154012407,0.043216184,629000,-0.092352092,-0.100143062,341.008771930,-0.049669353,0.941487013,$735K,3.5%,68.2%,1.1,-2.2,-5.9,3,-50.0%,-57.1%,3/1/2014,30,3/31/2014,,,,Multi-Family (2-4 Unit),"Alameda, CA",place,0.714285714,0.047619048,-0.285714286,California,CA,117
Value,,1,1.090417611,2.3%,3.2%,Oakland,42,10.5%,5.0%,141,16.5%,62.1%,20,-2,-5,198.116028708,0.152828464,0.332132177,489000,0.139860140,0.657627119,179.648354338,0.069599907,0.487614443,$410K,17.2%,55.2%,3.4,0.2,1.2,76,7.0%,68.9%,7/1/2013,30,7/31/2013,0.127659574,-0.021100756,0.024211299,Multi-Family (2-4 Unit),"Oakland, CA",place,0.690476190,0.058897243,0.015476190,California,CA,13654
Value,,1,0.999851199,,3.5%,Alameda,3,,0.0%,8,,60.0%,38,,-11,261.340529880,,-0.042356737,723500,,0.276126643,223.456790123,,-0.388737555,$761K,,63.7%,2.7,,1,4,,0.0%,10/1/2013,30,10/31/2013,0.125,,-0.675,Multi-Family (2-4 Unit),"Alameda, CA",place,0.333333333,,0.333333333,California,CA,117
Value,,1,1.229016725,19.6%,21.9%,Alameda,2,-60.0%,0.0%,4,100.0%,100.0%,18,-4,-102,389.071734976,-0.211029248,-0.143155369,1062500,0.133938100,-0.138978930,493.392135068,0.170635969,-0.033547057,"$1,182K",7.4%,17.6%,2,1.6,1,4,100.0%,100.0%,6/1/2018,30,6/30/2018,0.25,,-0.25,Multi-Family (2-4 Unit),"Alameda, CA",place,1,0.6,0,California,CA,117
Value,,1,1.087719799,10.7%,-2.4%,Alameda,4,100.0%,0.0%,1,-80.0%,-85.7%,14,-13,-5,476.156551012,0.137346596,0.181258456,1490000,0.733566027,0.817073171,550.373441512,0.052820206,0.233129204,"$1,053K",4.1%,-13.2%,0.3,-2.2,-1.5,2,100.0%,0.0%,12/1/2017,30,12/31/2017,,,,Multi-Family (2-4 Unit),"Alameda, CA",place,0.75,0.25,0,California,CA,117
Value,,1,0.976312275,,,Alameda,3,,,7,,,106,,,442.727906196,,,1188500,,,330.578512397,,,"$1,110K",,,2.3,,,4,,,2/1/2017,30,2/28/2017,,,,Multi-Family (2-4 Unit),"Alameda, CA",place,0,,,California,CA,117
Value,,1,1.073711681,,4.5%,Alameda,6,,0.0%,4,,-42.9%,17,,-85,515.848892749,,0.227455827,1188000,,0.193969849,480.851399526,,0.190258764,"$1,130K",,3.7%,0.7,,-0.5,3,,-57.1%,3/1/2018,30,3/31/2018,,,,Multi-Family (2-4 Unit),"Alameda, CA",place,0.833333333,,0.333333333,California,CA,117
Value,,1,1.100600601,3.9%,5.3%,Alameda,2,-33.3%,-50.0%,5,-44.4%,400.0%,28,15,16,423.232064166,0.056077501,0.118853542,1100000,0.265095610,0.620029455,480.570453520,-0.161885129,0.127006586,"$1,048K",-14.5%,45.6%,2.5,-0.5,2.2,4,-33.3%,300.0%,7/1/2016,30,7/31/2016,0.2,0.088888889,,Multi-Family (2-4 Unit),"Alameda, CA",place,0.5,-0.166666667,-0.25,California,CA,117
Value,,1,1.059494567,6.1%,8.9%,Oakland,26,-7.1%,30.0%,88,3.5%,-12.9%,31,-23,-54,214.213709677,-0.021063390,0.112911968,499000,0.156565071,0.046121593,218.668407311,0.159399560,0.230587223,$515K,7.9%,33.8%,3.4,0.4,-1.7,46,-4.2%,15.0%,2/1/2015,30,2/28/2015,0.102272727,-0.027139037,-0.095747075,Multi-Family (2-4 Unit),"Oakland, CA",place,0.423076923,-0.076923077,-0.126923077,California,CA,13654
Value,,1,1.080553805,3.1%,-1.9%,Oakland,30,-9.1%,7.1%,84,9.1%,3.7%,15,-12,-2,368.202764977,0.110335893,0.237568795,774000,-0.061818182,0.090909091,315.427336289,-0.091965160,-0.031730320,$829K,1.1%,1.0%,2.8,0.5,-0.1,67,26.4%,45.7%,6/1/2018,30,6/30/2018,0.119047619,-0.023809524,-0.016754850,Multi-Family (2-4 Unit),"Oakland, CA",place,0.7,0.063636364,-0.121428571,California,CA,13654
Value,,1,1.352445355,,25.4%,Fremont,1,,0.0%,2,,-50.0%,10,,-5,,,,,,,546.995377504,,0.531026036,"$1,420K",,-27.2%,2,,-2,,,,5/1/2018,30,5/31/2018,,,,Multi-Family (2-4 Unit),"Fremont, CA",place,1,,0,California,CA,6671
Value,,1,1.049736831,2.4%,6.4%,Oakland,47,11.9%,-29.9%,104,13.0%,-43.2%,22,-3,-15,137.085502046,0.217817751,0.374618152,289000,0.115830116,0.281880683,113.710201429,0.141415040,0.041998937,$265K,-2.9%,8.2%,2.2,0,-0.5,59,68.6%,0.0%,6/1/2012,30,6/30/2012,0.192307692,-0.057692308,-0.091845313,Multi-Family (2-4 Unit),"Oakland, CA",place,0.638297872,0.209726444,0.265163544,California,CA,13654
Value,,1,1.032392109,6.8%,5.4%,Alameda,7,133.3%,0.0%,4,-20.0%,-73.3%,29,-20,10,242.474576986,-0.111488198,-0.061240796,599394,0.057225505,0.143990839,266.558966074,-0.270832248,-0.027331773,$525K,12.9%,-12.8%,0.6,-1.1,-1.5,2,-50.0%,-50.0%,11/1/2012,30,11/30/2012,0.25,-0.55,-0.083333333,Multi-Family (2-4 Unit),"Alameda, CA",place,0.571428571,0.571428571,0.285714286,California,CA,117
Value,,1,1.198263395,-0.6%,13.8%,Berkeley,9,200.0%,28.6%,17,30.8%,41.7%,14,-11,-13,432,-0.091345143,0.254559851,1100000,0.189832342,0.265822785,541.605621456,-0.038502364,0.226982917,"$1,095K",-14.5%,17.1%,1.9,-2.4,0.2,11,10.0%,10.0%,6/1/2016,30,6/30/2016,0.235294118,0.158371041,,Multi-Family (2-4 Unit),"Berkeley, CA",place,1,0.333333333,0.428571429,California,CA,1590
Value,,1,0.825581395,,,Fremont,1,,,,,,40,,,,,,,,,479.729729730,,,"$1,775K",,,,,,,,,2/1/2015,30,2/28/2015,,,,Multi-Family (2-4 Unit),"Fremont, CA",place,0,,,California,CA,6671
Value,,1,0.878770946,-16.5%,-19.6%,Berkeley,4,-42.9%,-55.6%,15,0.0%,36.4%,42,3,20,321.959253173,0.035435937,,699500,0.196800547,,344.523284241,-0.087952906,0.078634080,$674K,4.5%,-10.1%,3.8,1.7,2.6,12,100.0%,,2/1/2014,30,2/28/2014,0.066666667,,,Multi-Family (2-4 Unit),"Berkeley, CA",place,0.5,0.071428571,-0.277777778,California,CA,1590
Value,,1,1.015288435,-10.4%,-8.7%,Berkeley,10,-9.1%,66.7%,17,-29.2%,-5.6%,32,13,7,241.824788050,-0.376993766,-0.117445454,599000,-0.201333333,-0.078461538,387.142951583,0.107522874,0.291919086,$760K,-26.0%,37.7%,1.7,-0.5,-1.3,3,-72.7%,-66.7%,11/1/2013,30,11/30/2013,0.176470588,-0.031862745,0.120915033,Multi-Family (2-4 Unit),"Berkeley, CA",place,0.4,-0.418181818,-0.433333333,California,CA,1590
Value,,1,1.009747469,-14.4%,-19.6%,Alameda,2,-71.4%,100.0%,5,0.0%,0.0%,35,21,25,426.251691475,-0.006924484,0.132846713,945000,-0.073075037,0.055865922,371.882868090,-0.178020803,0.047779981,$952K,-13.5%,-20.7%,2.5,1.8,-2.5,3,-25.0%,-66.7%,9/1/2016,30,9/30/2016,0.2,,0,Multi-Family (2-4 Unit),"Alameda, CA",place,0.5,-0.214285714,-0.5,California,CA,117
Value,,1,0.999104849,-1.2%,0.6%,Alameda,5,66.7%,150.0%,14,16.7%,7.7%,130,111,110,281.074058034,0.117715149,0.177076543,649000,0.221072437,0.124832098,198.622881356,-0.312066966,-0.294926919,$647K,-12.6%,-11.1%,2.8,-1.2,-3.7,7,75.0%,250.0%,6/1/2012,30,6/30/2012,0.285714286,0.202380952,-0.021978022,Multi-Family (2-4 Unit),"Alameda, CA",place,0.2,-0.8,0.2,California,CA,117
Value,,1,0.994426691,-6.4%,-1.7%,Oakland,38,-5.0%,-25.5%,100,14.9%,-40.1%,53,28,3,127.809122801,-0.140611458,0.084408146,325000,0.101694915,0.359832636,117.713004484,-0.025253717,0.288565022,$253K,-4.4%,1.0%,2.6,0.4,-0.7,62,37.8%,1.6%,8/1/2012,30,8/31/2012,0.1,-0.003448276,-0.181437126,Multi-Family (2-4 Unit),"Oakland, CA",place,0.368421053,-0.306578947,-0.082559340,California,CA,13654
Value,,1,1.156111929,10.8%,13.8%,Alameda,1,-75.0%,-83.3%,3,200.0%,-57.1%,11,-1,-28,341.818833470,-0.096369947,-0.058099214,947000,0.394698085,0.352857143,437.325905292,0.025591923,0.361390902,$785K,9.1%,-1.6%,3,2.7,1.8,4,300.0%,33.3%,8/1/2015,30,8/31/2015,0.333333333,,,Multi-Family (2-4 Unit),"Alameda, CA",place,1,0.25,0.5,California,CA,117
Value,,1,1.110380271,-0.9%,8.7%,Oakland,29,0.0%,-37.0%,107,-4.5%,5.9%,18,-1,-8,296.376492037,0.058265787,0.272877972,649950,-0.056676343,0.293432836,330.126078301,0.052001770,0.380478399,$750K,15.4%,24.5%,3.7,-0.2,1.5,40,0.0%,11.1%,8/1/2016,30,8/31/2016,0.140186916,0.024115487,-0.077634866,Multi-Family (2-4 Unit),"Oakland, CA",place,0.793103448,0,0.358320840,California,CA,13654
Value,,1,1.074714561,3.1%,5.8%,Berkeley,9,80.0%,125.0%,11,-42.1%,-59.3%,22,5,-25,,,,,,,319.407008086,0.125841454,0.774764224,$750K,28.2%,47.2%,1.2,-2.6,-5.6,,,,2/1/2013,30,2/28/2013,,,,Multi-Family (2-4 Unit),"Berkeley, CA",place,0.777777778,-0.022222222,0.027777778,California,CA,1590
Value,,1,1.013156571,,3.3%,Alameda,2,,0.0%,1,,-50.0%,119,,-110,471.544715447,,,1450000,,,316.001977587,,-0.256673201,$880K,,-0.5%,0.5,,-0.5,1,,,1/1/2016,30,1/31/2016,,,,Multi-Family (2-4 Unit),"Alameda, CA",place,0.5,,0,California,CA,117
Value,,1,0.849420849,-15.6%,-12.6%,Alameda,1,0.0%,-75.0%,5,-54.5%,-28.6%,17,10,-32,261.891279728,-0.245643072,-0.279139902,925000,0.052332196,0.543596162,429.855412270,0.991109269,0.514288667,"$1,100K",21.5%,80.6%,5,-6,3.2,1,-83.3%,-75.0%,11/1/2014,30,11/30/2014,0.6,0.418181818,0.457142857,Multi-Family (2-4 Unit),"Alameda, CA",place,0,-1,-0.25,California,CA,117
Value,,1,1.043725779,4.3%,-4.1%,Oakland,29,45.0%,-12.1%,77,11.6%,-21.4%,20,-11,-1,301.558029231,0.017921060,0.134211324,699000,0.005755396,0.109523810,325.499729876,0.296011318,0.289548110,$739K,18.2%,27.4%,2.7,-0.8,-0.3,54,86.2%,-1.8%,5/1/2017,30,5/31/2017,0.155844156,0.010916620,0.043599258,Multi-Family (2-4 Unit),"Oakland, CA",place,0.655172414,0.355172414,0.049111808,California,CA,13654
Value,,1,1.044495627,-0.1%,-1.7%,Oakland,32,-5.9%,-5.9%,130,3.2%,-15.6%,25,-11,-5,199.398453519,0.007247045,0.077197150,510000,0.133333333,0.2,211.453744493,-0.112130663,0.121817760,$463K,-11.0%,22.6%,4.1,0.400000000,-0.4,60,1.7%,-4.8%,9/1/2014,30,9/30/2014,0.107692308,-0.035164835,-0.022177822,Multi-Family (2-4 Unit),"Oakland, CA",place,0.4375,-0.121323529,-0.121323529,California,CA,13654
Value,,1,1.032213323,-5.0%,-0.3%,Oakland,35,9.4%,-14.6%,89,2.3%,-13.6%,28,11,-2,332.918461338,0.109785706,0.082177208,659000,-0.108254398,-0.058537805,288.203753351,-0.199424821,0.153535523,$790K,3.9%,15.8%,2.5,-0.2,0,46,-9.8%,-4.2%,9/1/2017,30,9/30/2017,0.123595506,-0.025829782,-0.002618087,Multi-Family (2-4 Unit),"Oakland, CA",place,0.485714286,-0.108035714,-0.099651568,California,CA,13654
Value,,1,1.067902234,0.5%,1.8%,Oakland,38,-7.3%,-19.1%,121,23.5%,16.3%,22,3,0,171.852131371,-0.082884771,0.253612737,429000,0.115734720,0.484429066,167.958461128,0.216499140,0.477074695,$350K,9.6%,31.9%,3.2,0.8,1,71,42.0%,20.3%,6/1/2013,30,6/30/2013,0.148760331,0.046719514,-0.043547362,Multi-Family (2-4 Unit),"Oakland, CA",place,0.631578947,-0.075738126,-0.006718925,California,CA,13654
Value,,1,0.999028935,-6.0%,4.7%,Alameda,6,200.0%,500.0%,13,-18.8%,-48.0%,31,-54,-36,222.891936022,-0.094644863,-0.327405125,457000,-0.191078857,-0.293116783,223.612383570,-0.043381162,0.089439533,$571K,-27.1%,14.2%,2.2,-5.8,-22.8,4,-50.0%,0.0%,4/1/2012,30,4/30/2012,0.153846154,-0.096153846,0.033846154,Multi-Family (2-4 Unit),"Alameda, CA",place,0.333333333,-0.166666667,0.333333333,California,CA,117
Value,,1,1.038215417,-0.4%,4.0%,Oakland,23,-47.7%,-17.9%,81,-8.0%,-4.7%,56,31,2,255.290159798,0.227542579,0.166652144,562500,0.184210526,0.303743192,240.579710145,-0.172939806,0.275575259,$530K,-7.0%,11.0%,3.5,1.5,0.5,34,61.9%,-29.2%,1/1/2016,30,1/31/2016,0.061728395,-0.051907969,-0.067683370,Multi-Family (2-4 Unit),"Oakland, CA",place,0.521739130,-0.114624506,0.021739130,California,CA,13654
Value,,1,0.983769161,-1.3%,-3.1%,Oakland,32,-23.8%,45.5%,101,1.0%,23.2%,46,4,14,192.609202490,0.234244923,0.292267757,395000,0.197332525,0.215384615,171.764452440,0.061089590,0.124593965,$345K,-10.9%,10.0%,3.2,0.8,-0.5,39,44.4%,-11.4%,1/1/2014,30,1/31/2014,0.178217822,-0.021782178,0.068461724,Multi-Family (2-4 Unit),"Oakland, CA",place,0.4375,-0.0625,-0.017045455,California,CA,13654
